timestamp,planet_index,name,sector,biome,planet_environ_hazards,player_on_planet,isAvailableToPlay,in_major_order,missions_won,missions_lost,is_humans_defending,helldiver_deaths_total,helldiver_deaths_1hour_diff,bullets_fired,bullets_hit,illuminate_killed,terminids_killed,automatons_killed,currentOwner,major_order_completed,planet_health,max_planet_health,major_order_dispatch,enemy_attacking_planet,enemy_attacking_owner,major_order_planet_captured,DSS_present,Y-M-D,CST_H_M_S
2026-03-25 20:10:13.834117,0.0,SUPER EARTH,Sol,Super Earth,None,752.0,F,F,16610433.0,2352666.0,F,120601282.0,0,38835565219.0,41179502124.0,8000349321.0,11909.0,2479.0,Humans,F,1000000.0,1000000.0,"Liberate Hort before it falls into the Void, and defend Rirga Bay from the Voteless.",,,F,F,2026-03-25,20:10:13
2026-03-25 20:10:13.834117,1.0,KLEN DAHTH II,Altus,Desert Dunes,Sandstorms,0.0,F,F,104.0,32.0,F,931.0,0,200185750.0,219200.0,21348513.0,24317.0,4069.0,Humans,F,1000000.0,1000000.0,"Liberate Hort before it falls into the Void, and defend Rirga Bay from the Voteless.",,,F,F,2026-03-25,20:10:13
2026-03-25 20:10:13.834117,2.0,PATHFINDER V,Altus,Plains,None,0.0,F,F,40.0,3.0,F,115.0,0,32824.0,39150.0,309.0,8093.0,1.0,Humans,F,1000000.0,1000000.0,"Liberate Hort before it falls into the Void, and defend Rirga Bay from the Voteless.",,,F,F,2026-03-25,20:10:13
2026-03-25 20:10:13.834117,3.0,WIDOW'S HARBOR,Altus,Moon,Meteor Storms,1.0,F,F,1857435.0,254919.0,F,22391679.0,0,6894381220.0,7717184850.0,1423644738.0,791273.0,1178.0,Humans,F,1000000.0,1000000.0,"Liberate Hort before it falls into the Void, and defend Rirga Bay from the Voteless.",,,F,F,2026-03-25,20:10:13
2026-03-25 20:10:13.834117,4.0,NEW HAVEN,Altus,Ionic Jungle,Ion Storms,0.0,F,F,2029366.0,201532.0,F,23298527.0,0,7142029158.0,7854707180.0,1471260806.0,30954.0,49.0,Humans,F,1000000.0,1000000.0,"Liberate Hort before it falls into the Void, and defend Rirga Bay from the Voteless.",,,F,F,2026-03-25,20:10:13
2026-03-25 20:10:13.834117,5.0,PILEN V,Altus,Desert Cliffs,Tremors,0.0,F,F,2152947.0,242294.0,F,23825816.0,0,7493900521.0,8110291432.0,1614652679.0,72482.0,705.0,Humans,F,1000000.0,1000000.0,"Liberate Hort before it falls into the Void, and defend Rirga Bay from the Voteless.",,,F,F,2026-03-25,20:10:13
2026-03-25 20:10:13.834117,6.0,HYDROFALL PRIME,Barnard,Rocky Canyons,Tremors,0.0,F,F,0.0,0.0,F,0.0,0,0.0,0.0,0.0,0.0,0.0,Humans,F,1000000.0,1000000.0,"Liberate Hort before it falls into the Void, and defend Rirga Bay from the Voteless.",,,F,F,2026-03-25,20:10:13
2026-03-25 20:10:13.834117,7.0,ZEA RUGOSIA,Ferris,Desert Cliffs,Tremors,455.0,F,F,2992377.0,327523.0,F,24975138.0,0,8108908738.0,8227699798.0,1435740208.0,1299.0,2274.0,Illuminate,F,1700000.0,1700000.0,"Liberate Hort before it falls into the Void, and defend Rirga Bay from the Voteless.",,,F,F,2026-03-25,20:10:13
2026-03-25 20:10:13.834117,8.0,DARROWSPORT,Barnard,Acidic Badlands,Acid Storms,0.0,F,F,2.0,0.0,F,1.0,0,146.0,100.0,0.0,0.0,6.0,Humans,F,1000000.0,1000000.0,"Liberate Hort before it falls into the Void, and defend Rirga Bay from the Voteless.",,,F,F,2026-03-25,20:10:13
2026-03-25 20:10:13.834117,9.0,FORNSKOGUR II,Barnard,Basic Swamp,None,0.0,F,F,5.0,1.0,F,28.0,0,55399.0,44368.0,2965.0,0.0,0.0,Humans,F,1000000.0,1000000.0,"Liberate Hort before it falls into the Void, and defend Rirga Bay from the Voteless.",,,F,F,2026-03-25,20:10:13
2026-03-25 20:10:13.834117,10.0,MIDASBURG,Barnard,Tundra,None,0.0,F,F,0.0,0.0,F,0.0,0,0.0,0.0,0.0,0.0,0.0,Humans,F,1000000.0,1000000.0,"Liberate Hort before it falls into the Void, and defend Rirga Bay from the Voteless.",,,F,F,2026-03-25,20:10:13
2026-03-25 20:10:13.834117,11.0,CERBERUS IIIc,Cancri,Desert Cliffs,Tremors,0.0,F,F,2.0,0.0,F,16.0,0,384.0,368.0,0.0,0.0,48.0,Humans,F,1000000.0,1000000.0,"Liberate Hort before it falls into the Void, and defend Rirga Bay from the Voteless.",,,F,F,2026-03-25,20:10:13
2026-03-25 20:10:13.834117,12.0,PROSPERITY FALLS,Cancri,Ionic Jungle,Ion Storms,0.0,F,F,45.0,10.0,F,407.0,0,82110.0,99526.0,14986.0,1537.0,23.0,Humans,F,1000000.0,1000000.0,"Liberate Hort before it falls into the Void, and defend Rirga Bay from the Voteless.",,,F,F,2026-03-25,20:10:13
2026-03-25 20:10:13.834117,13.0,OKUL VI,Gothmar,Icy Glaciers,Blizzards,0.0,F,F,0.0,0.0,F,0.0,0,0.0,0.0,0.0,0.0,0.0,Humans,F,1000000.0,1000000.0,"Liberate Hort before it falls into the Void, and defend Rirga Bay from the Voteless.",,,F,F,2026-03-25,20:10:13
2026-03-25 20:10:13.834117,14.0,MARTYR'S BAY,Cantolus,Boneyard,None,0.0,F,F,0.0,0.0,F,0.0,0,0.0,0.0,0.0,0.0,0.0,Humans,F,1000000.0,1000000.0,"Liberate Hort before it falls into the Void, and defend Rirga Bay from the Voteless.",,,F,F,2026-03-25,20:10:13
2026-03-25 20:10:13.834117,15.0,FREEDOM PEAK,Cantolus,Ionic Crimson,Ion Storms,0.0,F,F,46.0,16.0,F,485.0,0,37082.0,48132.0,279.0,335.0,7809.0,Humans,F,1000000.0,1000000.0,"Liberate Hort before it falls into the Void, and defend Rirga Bay from the Voteless.",,,F,F,2026-03-25,20:10:13
2026-03-25 20:10:13.834117,16.0,FORT UNION,Orion,Plains,None,2.0,F,F,2602943.0,216547.0,F,20006391.0,0,5324267002.0,6302176272.0,644.0,1189921994.0,0.0,Humans,F,1000000.0,1000000.0,"Liberate Hort before it falls into the Void, and defend Rirga Bay from the Voteless.",,,F,F,2026-03-25,20:10:13
2026-03-25 20:10:13.834117,17.0,KELVINOR,Cantolus,Icy Glaciers,Blizzards,0.0,F,F,9.0,0.0,F,49.0,0,14591.0,16962.0,534.0,2366.0,82.0,Humans,F,1000000.0,1000000.0,"Liberate Hort before it falls into the Void, and defend Rirga Bay from the Voteless.",,,F,F,2026-03-25,20:10:13
2026-03-25 20:10:13.834117,18.0,WRAITH,Idun,Acidic Badlands,Acid Storms,0.0,F,F,3.0,0.0,F,9.0,0,167.0,182.0,1.0,39.0,0.0,Humans,F,1000000.0,1000000.0,"Liberate Hort before it falls into the Void, and defend Rirga Bay from the Voteless.",,,F,F,2026-03-25,20:10:13
2026-03-25 20:10:13.834117,19.0,IGLA,Kelvin,Boneyard,None,0.0,F,F,0.0,0.0,F,0.0,0,0.0,0.0,0.0,0.0,0.0,Humans,F,1000000.0,1000000.0,"Liberate Hort before it falls into the Void, and defend Rirga Bay from the Voteless.",,,F,F,2026-03-25,20:10:13
2026-03-25 20:10:13.834117,20.0,NEW KIRUNA,Kelvin,Icy Glaciers,Blizzards,0.0,F,F,0.0,0.0,F,0.0,0,0.0,0.0,0.0,0.0,0.0,Humans,F,1000000.0,1000000.0,"Liberate Hort before it falls into the Void, and defend Rirga Bay from the Voteless.",,,F,F,2026-03-25,20:10:13
2026-03-25 20:10:13.834117,21.0,FORT JUSTICE,Kelvin,Ethereal Jungle,None,0.0,F,F,2.0,0.0,F,3.0,0,208.0,80.0,14.0,5.0,0.0,Humans,F,1000000.0,1000000.0,"Liberate Hort before it falls into the Void, and defend Rirga Bay from the Voteless.",,,F,F,2026-03-25,20:10:13
2026-03-25 20:10:13.834117,22.0,ZEGEMA PARADISE,Kelvin,Volcanic Jungle,Volcanic Activity,0.0,F,F,20.0,8.0,F,251.0,0,11598.0,12564.0,582.0,2400.0,97.0,Humans,F,1000000.0,1000000.0,"Liberate Hort before it falls into the Void, and defend Rirga Bay from the Voteless.",,,F,F,2026-03-25,20:10:13
2026-03-25 20:10:13.834117,23.0,PROVIDENCE,Iptus,Ionic Crimson,Ion Storms,0.0,F,F,0.0,0.0,F,0.0,0,0.0,0.0,0.0,0.0,0.0,Humans,F,1000000.0,1000000.0,"Liberate Hort before it falls into the Void, and defend Rirga Bay from the Voteless.",,,F,F,2026-03-25,20:10:13
2026-03-25 20:10:13.834117,24.0,PRIMORDIA,Iptus,Volcanic Jungle,Volcanic Activity,0.0,F,F,0.0,2.0,F,6.0,0,377.0,484.0,0.0,0.0,49.0,Humans,F,1000000.0,1000000.0,"Liberate Hort before it falls into the Void, and defend Rirga Bay from the Voteless.",,,F,F,2026-03-25,20:10:13
2026-03-25 20:10:13.834117,25.0,SULFURA,Celeste,Ethereal Jungle,None,1.0,F,F,3301328.0,413705.0,F,28994313.0,0,6446192063.0,7500040778.0,30781.0,1337626252.0,0.0,Humans,F,1000000.0,1000000.0,"Liberate Hort before it falls into the Void, and defend Rirga Bay from the Voteless.",,,F,F,2026-03-25,20:10:13
2026-03-25 20:10:13.834117,26.0,NUBLARIA I,Celeste,Haunted Swamp,Thick Fog,2.0,F,F,4176098.0,474723.0,F,34886026.0,0,7441818459.0,8688723686.0,62343508.0,1619583254.0,0.0,Humans,F,999987.0,1000000.0,"Liberate Hort before it falls into the Void, and defend Rirga Bay from the Voteless.",,,F,F,2026-03-25,20:10:13
2026-03-25 20:10:13.834117,27.0,KRAKATWO,Celeste,Boneyard,None,0.0,F,F,2220499.0,116218.0,F,15774757.0,0,4327725030.0,5247916140.0,31069414.0,1320190067.0,0.0,Humans,F,1000000.0,1000000.0,"Liberate Hort before it falls into the Void, and defend Rirga Bay from the Voteless.",,,F,F,2026-03-25,20:10:13
2026-03-25 20:10:13.834117,28.0,VOLTERRA,Korpus,Plains,None,0.0,F,F,1419688.0,84434.0,F,8319000.0,0,2991060817.0,3491200658.0,250024848.0,555741741.0,0.0,Humans,F,2000000.0,2000000.0,"Liberate Hort before it falls into the Void, and defend Rirga Bay from the Voteless.",,,F,F,2026-03-25,20:10:13
2026-03-25 20:10:13.834117,29.0,CRUCIBLE,Korpus,Tundra,None,0.0,F,F,760157.0,28588.0,F,3839039.0,0,1342712826.0,1702826288.0,8099.0,393888447.0,0.0,Humans,F,2500000.0,2500000.0,"Liberate Hort before it falls into the Void, and defend Rirga Bay from the Voteless.",,,F,F,2026-03-25,20:10:13
2026-03-25 20:10:13.834117,30.0,VEIL,Barnard,Deadlands,Thick Fog,0.0,F,F,0.0,0.0,F,0.0,0,0.0,0.0,0.0,0.0,0.0,Humans,F,1000000.0,1000000.0,"Liberate Hort before it falls into the Void, and defend Rirga Bay from the Voteless.",,,F,F,2026-03-25,20:10:13
2026-03-25 20:10:13.834117,31.0,MARRE IV,Barnard,Scorched Moor,Fire Tornadoes,0.0,F,F,1.0,0.0,F,0.0,0,42.0,0.0,0.0,0.0,0.0,Humans,F,1000000.0,1000000.0,"Liberate Hort before it falls into the Void, and defend Rirga Bay from the Voteless.",,,F,F,2026-03-25,20:10:13
2026-03-25 20:10:13.834117,32.0,FORT SANCTUARY,Cancri,Ionic Crimson,Ion Storms,0.0,F,F,1.0,0.0,F,0.0,0,1040.0,756.0,0.0,23.0,0.0,Humans,F,1000000.0,1000000.0,"Liberate Hort before it falls into the Void, and defend Rirga Bay from the Voteless.",,,F,F,2026-03-25,20:10:13
2026-03-25 20:10:13.834117,33.0,SEYSHEL BEACH,Cancri,Ethereal Jungle,None,4.0,F,F,5745514.0,970515.0,T,53253875.0,0,15300304742.0,15503416760.0,2699784880.0,305.0,140.0,Humans,F,2300000.0,2300000.0,"Liberate Hort before it falls into the Void, and defend Rirga Bay from the Voteless.",57.0,Illuminate,F,F,2026-03-25,20:10:13
2026-03-25 20:10:13.834117,34.0,HELLMIRE,Mirin,Scorched Moor,Fire Tornadoes,5.0,F,F,28664109.0,3701936.0,F,215641066.0,0,48576177213.0,57090650780.0,1893.0,10192627882.0,1675.0,Humans,F,1000000.0,1000000.0,"Liberate Hort before it falls into the Void, and defend Rirga Bay from the Voteless.",,,F,F,2026-03-25,20:10:13
2026-03-25 20:10:13.834117,35.0,EFFLUVIA,Cancri,Rocky Canyons,Tremors,0.0,F,F,942392.0,201724.0,T,8029215.0,0,3902696592.0,3528059326.0,520260387.0,0.0,15.0,Humans,F,1000000.0,1000000.0,"Liberate Hort before it falls into the Void, and defend Rirga Bay from the Voteless.",58.0,Illuminate,F,F,2026-03-25,20:10:13
2026-03-25 20:10:13.834117,36.0,SOLGHAST,Gothmar,Haunted Swamp,Thick Fog,0.0,F,F,3.0,1.0,T,71.0,0,30420.0,21464.0,1905.0,0.0,0.0,Humans,F,1700000.0,1700000.0,"Liberate Hort before it falls into the Void, and defend Rirga Bay from the Voteless.",59.0,Illuminate,F,F,2026-03-25,20:10:13
2026-03-25 20:10:13.834117,37.0,DILUVIA,Gothmar,Tundra,None,0.0,F,F,0.0,3.0,T,26.0,0,3119.0,3408.0,63.0,91.0,212.0,Humans,F,2000000.0,2000000.0,"Liberate Hort before it falls into the Void, and defend Rirga Bay from the Voteless.",60.0,Illuminate,F,F,2026-03-25,20:10:13
2026-03-25 20:10:13.834117,38.0,VIRIDIA PRIME,Cantolus,Desert Dunes,Sandstorms,0.0,F,F,0.0,0.0,F,0.0,0,0.0,0.0,0.0,0.0,0.0,Humans,F,1000000.0,1000000.0,"Liberate Hort before it falls into the Void, and defend Rirga Bay from the Voteless.",,,F,F,2026-03-25,20:10:13
2026-03-25 20:10:13.834117,39.0,OBARI,Cantolus,Plains,None,0.0,F,F,1.0,2.0,F,4.0,0,860.0,938.0,33.0,334.0,0.0,Humans,F,1000000.0,1000000.0,"Liberate Hort before it falls into the Void, and defend Rirga Bay from the Voteless.",,,F,F,2026-03-25,20:10:13
2026-03-25 20:10:13.834117,40.0,MYRADESH,Idun,Desert Cliffs,Tremors,0.0,F,F,0.0,0.0,F,4.0,0,151.0,212.0,0.0,3.0,26.0,Humans,F,1000000.0,1000000.0,"Liberate Hort before it falls into the Void, and defend Rirga Bay from the Voteless.",,,F,F,2026-03-25,20:10:13
2026-03-25 20:10:13.834117,41.0,ATRAMA,Idun,Haunted Swamp,Thick Fog,0.0,F,F,1.0,0.0,F,3.0,0,141.0,100.0,0.0,16.0,0.0,Humans,F,1000000.0,1000000.0,"Liberate Hort before it falls into the Void, and defend Rirga Bay from the Voteless.",,,F,F,2026-03-25,20:10:13
2026-03-25 20:10:13.834117,42.0,EMERIA,Kelvin,Rocky Canyons,Tremors,0.0,F,F,1957221.0,151959.0,F,15073276.0,0,2928987645.0,2922625418.0,0.0,856.0,477978026.0,Humans,F,1600000.0,1600000.0,"Liberate Hort before it falls into the Void, and defend Rirga Bay from the Voteless.",,,F,F,2026-03-25,20:10:13
2026-03-25 20:10:13.834117,43.0,BARABOS,Marspira,Basic Swamp,None,0.0,F,F,1722644.0,135504.0,F,12090351.0,0,3053427398.0,3067036690.0,0.0,3175.0,402095955.0,Humans,F,1000000.0,1000000.0,"Liberate Hort before it falls into the Void, and defend Rirga Bay from the Voteless.",,,F,F,2026-03-25,20:10:13
2026-03-25 20:10:13.834117,44.0,FENMIRE,Marspira,Plains,None,6.0,F,F,7800046.0,483763.0,F,50642877.0,0,12415807213.0,12551622984.0,12.0,780.0,2112354910.0,Humans,F,2400000.0,2400000.0,"Liberate Hort before it falls into the Void, and defend Rirga Bay from the Voteless.",,,F,F,2026-03-25,20:10:13
2026-03-25 20:10:13.834117,45.0,MASTIA,Marspira,Desert Dunes,Sandstorms,0.0,F,F,5315815.0,329059.0,F,39280455.0,0,9218957317.0,9819335946.0,259778170.0,1747.0,1707725323.0,Humans,F,1000000.0,1000000.0,"Liberate Hort before it falls into the Void, and defend Rirga Bay from the Voteless.",,,F,F,2026-03-25,20:10:13
2026-03-25 20:10:13.834117,46.0,SHALLUS,Talus,Ethereal Jungle,None,0.0,F,F,52971.0,7655.0,F,456413.0,0,95255091.0,102369140.0,0.0,0.0,17044825.0,Humans,F,1000000.0,1000000.0,"Liberate Hort before it falls into the Void, and defend Rirga Bay from the Voteless.",,,F,F,2026-03-25,20:10:13
2026-03-25 20:10:13.834117,47.0,KRAKABOS,Iptus,Basic Swamp,None,0.0,F,F,0.0,0.0,F,0.0,0,0.0,0.0,0.0,0.0,0.0,Humans,F,1000000.0,1000000.0,"Liberate Hort before it falls into the Void, and defend Rirga Bay from the Voteless.",,,F,F,2026-03-25,20:10:13
2026-03-25 20:10:13.834117,48.0,IRIDICA,Iptus,Ethereal Jungle,None,0.0,F,F,6.0,0.0,F,45.0,0,2551.0,1328.0,0.0,11.0,104.0,Humans,F,1000000.0,1000000.0,"Liberate Hort before it falls into the Void, and defend Rirga Bay from the Voteless.",,,F,F,2026-03-25,20:10:13
2026-03-25 20:10:13.834117,49.0,AZTERRA,Orion,Rocky Canyons,Tremors,0.0,F,F,5074666.0,497507.0,F,40684062.0,0,9613065050.0,11113939162.0,0.0,2235384054.0,241.0,Humans,F,1000000.0,1000000.0,"Liberate Hort before it falls into the Void, and defend Rirga Bay from the Voteless.",,,F,F,2026-03-25,20:10:13
2026-03-25 20:10:13.834117,50.0,AZUR SECUNDUS,Sten,Desert Cliffs,Tremors,0.0,F,F,19.0,0.0,F,49.0,0,12314.0,14036.0,0.0,2375.0,0.0,Terminids,F,1000000.0,1000000.0,"Liberate Hort before it falls into the Void, and defend Rirga Bay from the Voteless.",,,F,F,2026-03-25,20:10:13
2026-03-25 20:10:13.834117,51.0,IVIS,Celeste,Basic Swamp,None,8.0,F,F,1.0,0.0,F,0.0,0,0.0,0.0,0.0,0.0,0.0,Humans,F,1000000.0,1000000.0,"Liberate Hort before it falls into the Void, and defend Rirga Bay from the Voteless.",,,F,F,2026-03-25,20:10:13
2026-03-25 20:10:13.834117,52.0,SLIF,Celeste,Acidic Badlands,Acid Storms,0.0,F,F,2288659.0,164890.0,F,16359229.0,0,3780614662.0,4563086244.0,0.0,1148292341.0,424.0,Humans,F,1000000.0,1000000.0,"Liberate Hort before it falls into the Void, and defend Rirga Bay from the Voteless.",,,F,F,2026-03-25,20:10:13
2026-03-25 20:10:13.834117,53.0,CARAMOOR,Korpus,Desert Dunes,Sandstorms,0.0,F,F,969216.0,34124.0,F,5310000.0,0,1679785948.0,2128783224.0,0.0,526781100.0,0.0,Humans,F,2200000.0,2200000.0,"Liberate Hort before it falls into the Void, and defend Rirga Bay from the Voteless.",,,F,F,2026-03-25,20:10:13
2026-03-25 20:10:13.834117,54.0,KHARST,Gallux,Ionic Crimson,Ion Storms,0.0,F,F,369046.0,41416.0,F,2693149.0,0,1140149304.0,1110137694.0,253656433.0,0.0,0.0,Humans,F,1000000.0,1000000.0,"Liberate Hort before it falls into the Void, and defend Rirga Bay from the Voteless.",,,F,F,2026-03-25,20:10:13
2026-03-25 20:10:13.834117,55.0,EUKORIA,Morgon,Boneyard,None,0.0,F,F,100049.0,13531.0,T,769309.0,0,285538800.0,276490052.0,68086325.0,71.0,0.0,Humans,F,1000000.0,1000000.0,"Liberate Hort before it falls into the Void, and defend Rirga Bay from the Voteless.",88.0,Illuminate,F,F,2026-03-25,20:10:13
2026-03-25 20:10:13.834117,56.0,MYRIUM,Morgon,Rocky Canyons,Tremors,0.0,F,F,1632741.0,166093.0,T,11806242.0,0,6214423684.0,5326178480.0,663494519.0,5218.0,728.0,Humans,F,2000000.0,2000000.0,"Liberate Hort before it falls into the Void, and defend Rirga Bay from the Voteless.",90.0,Illuminate,F,F,2026-03-25,20:10:13
2026-03-25 20:10:13.834117,57.0,KERTH SECUNDUS,Rictus,Tundra,None,1757.0,F,F,2998859.0,312920.0,F,22717072.0,0,10384865703.0,9554457442.0,1327293492.0,6478.0,1313.0,Illuminate,F,1893430.0,2000000.0,"Liberate Hort before it falls into the Void, and defend Rirga Bay from the Voteless.",,,F,F,2026-03-25,20:10:13
2026-03-25 20:10:13.834117,58.0,PARSH,Rictus,Basic Swamp,None,109.0,F,F,847097.0,120544.0,F,6398225.0,0,2329744597.0,2179206862.0,422288563.0,0.0,0.0,Illuminate,F,2000000.0,2000000.0,"Liberate Hort before it falls into the Void, and defend Rirga Bay from the Voteless.",,,F,F,2026-03-25,20:10:13
2026-03-25 20:10:13.834117,59.0,REAF,Saleria,Plains,None,237.0,F,F,393880.0,64743.0,F,2910773.0,0,1208503251.0,1069579430.0,147984553.0,135.0,1138.0,Illuminate,F,1000000.0,1000000.0,"Liberate Hort before it falls into the Void, and defend Rirga Bay from the Voteless.",,,F,F,2026-03-25,20:10:13
2026-03-25 20:10:13.834117,60.0,IRULTA,Saleria,Volcanic Jungle,Volcanic Activity,56.0,F,F,936782.0,121260.0,F,7008972.0,0,2949779543.0,2667229668.0,524722465.0,7.0,13455.0,Illuminate,F,1700000.0,1700000.0,"Liberate Hort before it falls into the Void, and defend Rirga Bay from the Voteless.",,,F,F,2026-03-25,20:10:13
2026-03-25 20:10:13.834117,61.0,EMORATH,Meridian,Ethereal Jungle,None,0.0,F,F,338912.0,30007.0,F,2404891.0,0,1035934151.0,1003135962.0,229502084.0,0.0,0.0,Humans,F,1900000.0,1900000.0,"Liberate Hort before it falls into the Void, and defend Rirga Bay from the Voteless.",,,F,F,2026-03-25,20:10:13
2026-03-25 20:10:13.834117,62.0,ILDUNA PRIME,Meridian,Tundra,None,0.0,F,F,388515.0,39657.0,F,2845695.0,0,1196408631.0,1166772622.0,275888607.0,0.0,12.0,Humans,F,1000000.0,1000000.0,"Liberate Hort before it falls into the Void, and defend Rirga Bay from the Voteless.",,,F,F,2026-03-25,20:10:13
2026-03-25 20:10:13.834117,63.0,MAW,Idun,Scorched Moor,Fire Tornadoes,0.0,F,F,1.0,0.0,F,14.0,0,2482.0,3194.0,787.0,0.0,0.0,Humans,F,1000000.0,1000000.0,"Liberate Hort before it falls into the Void, and defend Rirga Bay from the Voteless.",,,F,F,2026-03-25,20:10:13
2026-03-25 20:10:13.834117,64.0,MERIDIA,Umlaut,Supercolony,None,48.0,F,F,5429947.0,713726.0,F,41480837.0,0,8678042809.0,10333094149.0,862.0,1659277754.0,18558.0,Humans,F,1000000.0,1000000.0,"Liberate Hort before it falls into the Void, and defend Rirga Bay from the Voteless.",,,F,F,2026-03-25,20:10:13
2026-03-25 20:10:13.834117,65.0,BOREA,Sagan,Icy Glaciers,Blizzards,1.0,F,F,2977860.0,237903.0,F,21461054.0,0,5107967938.0,5380006854.0,928.0,1522.0,868225360.0,Humans,F,1000000.0,1000000.0,"Liberate Hort before it falls into the Void, and defend Rirga Bay from the Voteless.",,,F,F,2026-03-25,20:10:13
2026-03-25 20:10:13.834117,66.0,CURIA,Marspira,Moon,Meteor Storms,1.0,F,F,5233719.0,402196.0,T,39597740.0,0,8730930679.0,9665887078.0,39.0,968.0,1837190690.0,Humans,F,1000000.0,1000000.0,"Liberate Hort before it falls into the Void, and defend Rirga Bay from the Voteless.",113.0,Automaton,F,F,2026-03-25,20:10:13
2026-03-25 20:10:13.834117,67.0,TARSH,Marspira,Haunted Swamp,Thick Fog,11.0,F,F,10565257.0,878628.0,T,82743344.0,0,17462860351.0,18239071838.0,2669.0,5649.0,3046946138.0,Humans,F,1300000.0,1300000.0,"Liberate Hort before it falls into the Void, and defend Rirga Bay from the Voteless.",112.0,Automaton,F,F,2026-03-25,20:10:13
2026-03-25 20:10:13.834117,68.0,SHELT,Talus,Tundra,None,0.0,F,F,2503261.0,198835.0,F,18767601.0,0,3897465208.0,4234255706.0,47.0,88.0,786652657.0,Humans,F,1000000.0,1000000.0,"Liberate Hort before it falls into the Void, and defend Rirga Bay from the Voteless.",,,F,F,2026-03-25,20:10:13
2026-03-25 20:10:13.834117,69.0,IMBER,Talus,Scorched Moor,Fire Tornadoes,1.0,F,F,2191477.0,231913.0,F,21690750.0,0,3274045248.0,3556220508.0,0.0,0.0,740320029.0,Humans,F,1000000.0,1000000.0,"Liberate Hort before it falls into the Void, and defend Rirga Bay from the Voteless.",,,F,F,2026-03-25,20:10:13
2026-03-25 20:10:13.834117,70.0,BLISTICA,Gellert,Scorched Moor,Fire Tornadoes,81.0,F,F,1041087.0,88947.0,F,6653264.0,0,1122598697.0,1143491326.0,19.0,0.0,233836033.0,Automaton,F,1000000.0,1000000.0,"Liberate Hort before it falls into the Void, and defend Rirga Bay from the Voteless.",,,F,F,2026-03-25,20:10:13
2026-03-25 20:10:13.834117,71.0,RATCH,Iptus,Haunted Swamp,Thick Fog,0.0,F,F,0.0,0.0,F,0.0,0,0.0,0.0,0.0,0.0,0.0,Humans,F,1000000.0,1000000.0,"Liberate Hort before it falls into the Void, and defend Rirga Bay from the Voteless.",,,F,F,2026-03-25,20:10:13
2026-03-25 20:10:13.834117,72.0,JULHEIM,Nanos,Icy Glaciers,Blizzards,0.0,F,F,4538868.0,310106.0,F,34766276.0,0,19958988451.0,7945079846.0,277320405.0,4922.0,11050718065.0,Humans,F,1600000.0,1600000.0,"Liberate Hort before it falls into the Void, and defend Rirga Bay from the Voteless.",,,F,F,2026-03-25,20:10:13
2026-03-25 20:10:13.834117,73.0,VALGAARD,Iptus,Ionic Crimson,Ion Storms,0.0,F,F,3.0,0.0,F,22.0,0,2841.0,3988.0,717.0,0.0,0.0,Humans,F,1000000.0,1000000.0,"Liberate Hort before it falls into the Void, and defend Rirga Bay from the Voteless.",,,F,F,2026-03-25,20:10:13
2026-03-25 20:10:13.834117,74.0,ARKTURUS,Arturion,Icy Glaciers,Blizzards,0.0,F,F,8.0,0.0,F,8.0,0,375.0,328.0,0.0,133.0,25.0,Humans,F,1000000.0,1000000.0,"Liberate Hort before it falls into the Void, and defend Rirga Bay from the Voteless.",,,F,F,2026-03-25,20:10:13
2026-03-25 20:10:13.834117,75.0,ESKER,Falstaff,Acidic Badlands,Acid Storms,0.0,F,F,4986779.0,476685.0,F,42658862.0,0,10295016931.0,12367188758.0,842.0,2560825859.0,426.0,Terminids,F,1000000.0,1000000.0,"Liberate Hort before it falls into the Void, and defend Rirga Bay from the Voteless.",,,F,F,2026-03-25,20:10:13
2026-03-25 20:10:13.834117,76.0,TERREK,Orion,Moon,Meteor Storms,4.0,F,F,11278836.0,714175.0,T,76906590.0,0,26031503384.0,29073608280.0,2146.0,5885777090.0,16478.0,Humans,F,1000000.0,1000000.0,"Liberate Hort before it falls into the Void, and defend Rirga Bay from the Voteless.",124.0,Terminids,F,F,2026-03-25,20:10:13
2026-03-25 20:10:13.834117,77.0,CIRRUS,Orion,Deadlands,Thick Fog,3.0,F,F,5204563.0,511495.0,F,41683763.0,0,10341174079.0,11817410628.0,44.0,2238214938.0,1386.0,Humans,F,1000000.0,1000000.0,"Liberate Hort before it falls into the Void, and defend Rirga Bay from the Voteless.",,,F,F,2026-03-25,20:10:13
2026-03-25 20:10:13.834117,78.0,CRIMSICA,Draco,Ionic Crimson,Ion Storms,10.0,F,F,32378033.0,2528939.0,F,195003185.0,0,65480362998.0,75215739080.0,2554.0,13187660529.0,7648.0,Humans,F,1500000.0,1500000.0,"Liberate Hort before it falls into the Void, and defend Rirga Bay from the Voteless.",,,F,F,2026-03-25,20:10:13
2026-03-25 20:10:13.834117,79.0,HEETH,Orion,Icy Glaciers,Blizzards,7.0,F,F,9714024.0,764395.0,F,65103462.0,0,22639031235.0,24724809010.0,5124.0,4451639803.0,10523.0,Humans,F,1000000.0,1000000.0,"Liberate Hort before it falls into the Void, and defend Rirga Bay from the Voteless.",,,F,F,2026-03-25,20:10:13
2026-03-25 20:10:13.834117,80.0,VELD,Orion,Ionic Jungle,Ion Storms,1.0,F,F,6412670.0,553270.0,F,50702540.0,0,12230754686.0,14808263035.0,257.0,2860291405.0,270.0,Humans,F,1800000.0,1800000.0,"Liberate Hort before it falls into the Void, and defend Rirga Bay from the Voteless.",,,F,F,2026-03-25,20:10:13
2026-03-25 20:10:13.834117,81.0,ALTA V,Korpus,Volcanic Jungle,Volcanic Activity,2.0,F,F,2116153.0,174634.0,F,18568246.0,0,4145887734.0,5159772672.0,0.0,1190878129.0,0.0,Humans,F,1300000.0,1300000.0,"Liberate Hort before it falls into the Void, and defend Rirga Bay from the Voteless.",,,F,F,2026-03-25,20:10:13
2026-03-25 20:10:13.834117,82.0,URSICA XI,Borgus,Ethereal Jungle,None,2830.0,F,F,3350601.0,215967.0,F,20145543.0,0,6706753849.0,7535421964.0,452.0,1349765218.0,206.0,Terminids,F,846885.0,1600000.0,"Liberate Hort before it falls into the Void, and defend Rirga Bay from the Voteless.",,,F,F,2026-03-25,20:10:13
2026-03-25 20:10:13.834117,83.0,INARI,Korpus,Boneyard,None,0.0,F,F,2732368.0,184586.0,T,21130815.0,0,7235407125.0,8195250652.0,2195.0,1566153083.0,2628.0,Humans,F,1000000.0,1000000.0,"Liberate Hort before it falls into the Void, and defend Rirga Bay from the Voteless.",82.0,Terminids,F,F,2026-03-25,20:10:13
2026-03-25 20:10:13.834117,84.0,SKAASH,Ursa,Acidic Badlands,Acid Storms,0.0,F,F,316265.0,32668.0,F,2360951.0,0,933477938.0,911939756.0,201841415.0,0.0,91.0,Humans,F,1000000.0,1000000.0,"Liberate Hort before it falls into the Void, and defend Rirga Bay from the Voteless.",,,F,F,2026-03-25,20:10:13
2026-03-25 20:10:13.834117,85.0,MORADESH,Celeste,Desert Dunes,Sandstorms,3.0,F,F,286619.0,26883.0,F,2395766.0,0,605715310.0,744397692.0,0.0,192257185.0,0.0,Humans,F,1000000.0,1000000.0,"Liberate Hort before it falls into the Void, and defend Rirga Bay from the Voteless.",,,F,F,2026-03-25,20:10:13
2026-03-25 20:10:13.834117,86.0,RASP,Gallux,Moon,Meteor Storms,0.0,F,F,825780.0,83321.0,F,6248778.0,0,2417255158.0,2389847734.0,562148447.0,0.0,0.0,Humans,F,1000000.0,1000000.0,"Liberate Hort before it falls into the Void, and defend Rirga Bay from the Voteless.",,,F,F,2026-03-25,20:10:13
2026-03-25 20:10:13.834117,87.0,BASHYR,Gallux,Haunted Swamp,Thick Fog,0.0,F,F,460398.0,52925.0,F,3252059.0,0,1348452709.0,1278206616.0,295263584.0,0.0,0.0,Humans,F,1000000.0,1000000.0,"Liberate Hort before it falls into the Void, and defend Rirga Bay from the Voteless.",,,F,F,2026-03-25,20:10:13
2026-03-25 20:10:13.834117,88.0,REGNUS,Morgon,Volcanic Jungle,Volcanic Activity,160.0,F,F,973626.0,160694.0,F,7979744.0,0,2390750038.0,2200685318.0,383385850.0,196.0,713.0,Illuminate,F,1800000.0,1800000.0,"Liberate Hort before it falls into the Void, and defend Rirga Bay from the Voteless.",,,F,F,2026-03-25,20:10:13
2026-03-25 20:10:13.834117,89.0,MOG,Morgon,Icy Glaciers,Blizzards,336.0,F,F,2617101.0,281189.0,F,23601732.0,0,8754100258.0,8830423700.0,1659909774.0,796.0,795.0,Illuminate,F,1000000.0,1000000.0,"Liberate Hort before it falls into the Void, and defend Rirga Bay from the Voteless.",,,F,F,2026-03-25,20:10:13
2026-03-25 20:10:13.834117,90.0,VALMOX,Rictus,Ionic Crimson,Ion Storms,370.0,F,F,2877856.0,307346.0,F,20721099.0,0,11151346202.0,9758842296.0,1205274388.0,3428.0,2666.0,Illuminate,F,1900000.0,1900000.0,"Liberate Hort before it falls into the Void, and defend Rirga Bay from the Voteless.",,,F,F,2026-03-25,20:10:13
2026-03-25 20:10:13.834117,91.0,IRO,Rictus,Haunted Swamp,Thick Fog,0.0,F,F,873339.0,85510.0,F,5798752.0,0,2878348017.0,2669339310.0,555716341.0,302.0,727.0,Illuminate,F,1000000.0,1000000.0,"Liberate Hort before it falls into the Void, and defend Rirga Bay from the Voteless.",,,F,F,2026-03-25,20:10:13
2026-03-25 20:10:13.834117,92.0,GRAFMERE,Rictus,Boneyard,None,0.0,F,F,891304.0,127246.0,F,7554262.0,0,1918855728.0,1921478464.0,390263765.0,0.0,227.0,Illuminate,F,2100000.0,2100000.0,"Liberate Hort before it falls into the Void, and defend Rirga Bay from the Voteless.",,,F,F,2026-03-25,20:10:13
2026-03-25 20:10:13.834117,93.0,NEW STOCKHOLM,Hanzo,Icy Glaciers,Blizzards,1939.0,F,F,2296862.0,258617.0,F,18195745.0,0,9552704467.0,9012436898.0,1392313188.0,15271.0,5724.0,Illuminate,F,1000000.0,1000000.0,"Liberate Hort before it falls into the Void, and defend Rirga Bay from the Voteless.",,,F,F,2026-03-25,20:10:13
2026-03-25 20:10:13.834117,94.0,OASIS,Rictus,Volcanic Jungle,Volcanic Activity,97.0,F,F,1382017.0,234533.0,F,12490181.0,0,3625415598.0,3548367190.0,722772193.0,2078.0,5234.0,Illuminate,F,1400000.0,1400000.0,"Liberate Hort before it falls into the Void, and defend Rirga Bay from the Voteless.",,,F,F,2026-03-25,20:10:13
2026-03-25 20:10:13.834117,95.0,GENESIS PRIME,Rictus,Ionic Jungle,Ion Storms,97.0,F,F,1221864.0,230587.0,F,10716571.0,0,3352837804.0,3273779598.0,670113818.0,4326.0,1605.0,Illuminate,F,1600000.0,1600000.0,"Liberate Hort before it falls into the Void, and defend Rirga Bay from the Voteless.",,,F,F,2026-03-25,20:10:13
2026-03-25 20:10:13.834117,96.0,OUTPOST 32,Saleria,Desert Dunes,Sandstorms,0.0,F,F,0.0,1.0,T,11.0,0,6000001264.0,2106.0,197.0,0.0,6000000025.0,Humans,F,1000000.0,1000000.0,"Liberate Hort before it falls into the Void, and defend Rirga Bay from the Voteless.",59.0,Illuminate,F,F,2026-03-25,20:10:13
2026-03-25 20:10:13.834117,97.0,CALYPSO,Saleria,Rocky Canyons,Tremors,1.0,F,F,4572049.0,915865.0,T,38796083.0,0,14922853997.0,14672859372.0,3125583258.0,2344253.0,81.0,Humans,F,1000000.0,1000000.0,"Liberate Hort before it falls into the Void, and defend Rirga Bay from the Voteless.",98.0,Illuminate,F,F,2026-03-25,20:10:13
2026-03-25 20:10:13.834117,98.0,ELYSIAN MEADOWS,Guang,Ionic Crimson,Ion Storms,145.0,F,F,717829.0,108240.0,F,5593754.0,0,2489930834.0,2319448562.0,437427727.0,2136.0,10.0,Illuminate,F,1000000.0,1000000.0,"Liberate Hort before it falls into the Void, and defend Rirga Bay from the Voteless.",,,F,F,2026-03-25,20:10:13
2026-03-25 20:10:13.834117,99.0,ALDERIDGE COVE,Guang,Deadlands,Thick Fog,0.0,F,F,165435.0,8534.0,F,954702.0,0,371512677.0,351117952.0,94591537.0,0.0,0.0,Humans,F,1000000.0,1000000.0,"Liberate Hort before it falls into the Void, and defend Rirga Bay from the Voteless.",,,F,F,2026-03-25,20:10:13
2026-03-25 20:10:13.834117,100.0,TRANDOR,Sten,Tundra,None,835.0,F,F,4785398.0,276601.0,F,33312254.0,0,9041731917.0,10742753854.0,0.0,2580349366.0,0.0,Terminids,F,1900000.0,1900000.0,"Liberate Hort before it falls into the Void, and defend Rirga Bay from the Voteless.",,,F,F,2026-03-25,20:10:13
2026-03-25 20:10:13.834117,101.0,EAST IRIDIUM TRADING BAY,Tarragon,Basic Swamp,None,0.0,F,F,251973.0,15623.0,T,1571685.0,0,1400555767.0,1177237838.0,131862483.0,293.0,267.0,Humans,F,1000000.0,1000000.0,"Liberate Hort before it falls into the Void, and defend Rirga Bay from the Voteless.",98.0,Illuminate,F,F,2026-03-25,20:10:13
2026-03-25 20:10:13.834117,102.0,LIBERTY RIDGE,Meridian,Ionic Crimson,Ion Storms,0.0,F,F,445852.0,46068.0,F,3207219.0,0,1556843017.0,1495226562.0,308055342.0,0.0,471.0,Humans,F,1000000.0,1000000.0,"Liberate Hort before it falls into the Void, and defend Rirga Bay from the Voteless.",,,F,F,2026-03-25,20:10:13
2026-03-25 20:10:13.834117,103.0,BALDRICK PRIME,Meridian,Volcanic Jungle,Volcanic Activity,0.0,F,F,403533.0,62061.0,F,3534622.0,0,1309105692.0,1250344010.0,266830276.0,0.0,0.0,Humans,F,1000000.0,1000000.0,"Liberate Hort before it falls into the Void, and defend Rirga Bay from the Voteless.",,,F,F,2026-03-25,20:10:13
2026-03-25 20:10:13.834117,104.0,THE WEIR,Theseus,Plains,None,0.0,F,F,1.0,0.0,F,37.0,0,1456.0,1246.0,0.0,0.0,163.0,Humans,F,1000000.0,1000000.0,"Liberate Hort before it falls into the Void, and defend Rirga Bay from the Voteless.",,,F,F,2026-03-25,20:10:13
2026-03-25 20:10:13.834117,105.0,KUPER,Theseus,Ionic Jungle,Ion Storms,0.0,F,F,0.0,0.0,F,8.0,0,1989.0,2282.0,204.0,0.0,16.0,Humans,F,1000000.0,1000000.0,"Liberate Hort before it falls into the Void, and defend Rirga Bay from the Voteless.",,,F,F,2026-03-25,20:10:13
2026-03-25 20:10:13.834117,106.0,OSLO STATION,Sagan,Boneyard,None,0.0,F,F,1749847.0,89109.0,F,12536001.0,0,2439442424.0,2817110490.0,442.0,0.0,701603482.0,Humans,F,1000000.0,1000000.0,"Liberate Hort before it falls into the Void, and defend Rirga Bay from the Voteless.",,,F,F,2026-03-25,20:10:13
2026-03-25 20:10:13.834117,107.0,PÖPLI IX,Xzar,Scorched Moor,Fire Tornadoes,1.0,F,F,967078.0,111119.0,F,9147390.0,0,1487984627.0,1680229544.0,0.0,0.0,450268028.0,Humans,F,1600000.0,1600000.0,"Liberate Hort before it falls into the Void, and defend Rirga Bay from the Voteless.",,,F,F,2026-03-25,20:10:13
2026-03-25 20:10:13.834117,108.0,GUNVALD,Sagan,Ionic Crimson,Ion Storms,0.0,F,F,235390.0,18244.0,F,1939742.0,0,417460604.0,485342914.0,0.0,0.0,99740108.0,Humans,F,1000000.0,1000000.0,"Liberate Hort before it falls into the Void, and defend Rirga Bay from the Voteless.",,,F,F,2026-03-25,20:10:13
2026-03-25 20:10:13.834117,109.0,DOLPH,Nanos,Moon,Meteor Storms,0.0,F,F,630087.0,36671.0,F,4144249.0,0,849804329.0,976952524.0,0.0,1320.0,214316241.0,Humans,F,1000000.0,1000000.0,"Liberate Hort before it falls into the Void, and defend Rirga Bay from the Voteless.",,,F,F,2026-03-25,20:10:13
2026-03-25 20:10:13.834117,110.0,BEKVAM III,Nanos,Ethereal Jungle,None,3.0,F,F,4772721.0,333299.0,T,37069320.0,0,7531137836.0,8223223174.0,0.0,2904.0,1657651670.0,Humans,F,1600000.0,1600000.0,"Liberate Hort before it falls into the Void, and defend Rirga Bay from the Voteless.",157.0,Automaton,F,F,2026-03-25,20:10:13
2026-03-25 20:10:13.834117,111.0,DUMA TYR,Nanos,Tundra,None,2.0,F,F,3033346.0,189881.0,F,18964188.0,0,4467390583.0,4571335412.0,413.0,5179.0,847464988.0,Humans,F,1000000.0,1000000.0,"Liberate Hort before it falls into the Void, and defend Rirga Bay from the Voteless.",,,F,F,2026-03-25,20:10:13
2026-03-25 20:10:13.834117,112.0,VERNEN WELLS,Hydra,Rocky Canyons,Tremors,988.0,F,F,17988821.0,1903835.0,F,140448586.0,0,28562976268.0,30216791034.0,1232.0,2793.0,5281514760.0,Automaton,F,1500000.0,1500000.0,"Liberate Hort before it falls into the Void, and defend Rirga Bay from the Voteless.",,,F,F,2026-03-25,20:10:13
2026-03-25 20:10:13.834117,113.0,AESIR PASS,Hydra,Deadlands,Thick Fog,339.0,F,F,7323211.0,688376.0,F,54950104.0,0,9848955839.0,10364694158.0,152.0,1767.0,1837058790.0,Automaton,F,1000000.0,1000000.0,"Liberate Hort before it falls into the Void, and defend Rirga Bay from the Voteless.",,,F,F,2026-03-25,20:10:13
2026-03-25 20:10:13.834117,114.0,AURORA BAY,Valdis,Tundra,None,446.0,F,F,3916452.0,651339.0,F,38444418.0,0,5123192160.0,5713082934.0,2028.0,4405.0,938646786.0,Automaton,F,1600000.0,1600000.0,"Liberate Hort before it falls into the Void, and defend Rirga Bay from the Voteless.",,,F,F,2026-03-25,20:10:13
2026-03-25 20:10:13.834117,115.0,PENTA,Lacaille,Deadlands,Thick Fog,26.0,F,F,3186774.0,288280.0,F,29493411.0,0,4421007591.0,4503569030.0,0.0,375.0,744443586.0,Humans,F,1000000.0,1000000.0,"Liberate Hort before it falls into the Void, and defend Rirga Bay from the Voteless.",,,F,F,2026-03-25,20:10:13
2026-03-25 20:10:13.834117,116.0,GAELLIVARE,Talus,Volcanic Jungle,Volcanic Activity,3.0,F,F,10515315.0,886195.0,F,90425942.0,0,15706401819.0,16672547632.0,607.0,4404.0,3444243947.0,Humans,F,1700000.0,1700000.0,"Liberate Hort before it falls into the Void, and defend Rirga Bay from the Voteless.",,,F,F,2026-03-25,20:10:13
2026-03-25 20:10:13.834117,117.0,VOG-SOJOTH,Tanis,Icy Glaciers,Blizzards,0.0,F,F,9078591.0,498467.0,F,62273506.0,0,13483244975.0,14999850550.0,221.0,3867.0,2929633469.0,Humans,F,1200000.0,1200000.0,"Liberate Hort before it falls into the Void, and defend Rirga Bay from the Voteless.",,,F,F,2026-03-25,20:10:13
2026-03-25 20:10:13.834117,118.0,KIRRIK,Arturion,Volcanic Jungle,Volcanic Activity,0.0,F,F,3.0,1.0,F,44.0,0,13967.0,17632.0,0.0,2481.0,40.0,Humans,F,1000000.0,1000000.0,"Liberate Hort before it falls into the Void, and defend Rirga Bay from the Voteless.",,,F,F,2026-03-25,20:10:13
2026-03-25 20:10:13.834117,119.0,MORTAX PRIME,Arturion,Desert Cliffs,Tremors,0.0,F,F,1.0,0.0,F,16.0,0,1258.0,1768.0,0.0,578.0,0.0,Humans,F,1000000.0,1000000.0,"Liberate Hort before it falls into the Void, and defend Rirga Bay from the Voteless.",,,F,F,2026-03-25,20:10:13
2026-03-25 20:10:13.834117,120.0,WILFORD STATION,Arturion,Acidic Badlands,Acid Storms,0.0,F,F,0.0,0.0,F,0.0,0,0.0,0.0,0.0,0.0,0.0,Humans,F,1000000.0,1000000.0,"Liberate Hort before it falls into the Void, and defend Rirga Bay from the Voteless.",,,F,F,2026-03-25,20:10:13
2026-03-25 20:10:13.834117,121.0,PIONEER II,Arturion,Rocky Canyons,Tremors,0.0,F,F,2.0,0.0,F,7.0,0,1090.0,1600.0,0.0,381.0,0.0,Humans,F,1000000.0,1000000.0,"Liberate Hort before it falls into the Void, and defend Rirga Bay from the Voteless.",,,F,F,2026-03-25,20:10:13
2026-03-25 20:10:13.834117,122.0,ERSON SANDS,Falstaff,Desert Cliffs,Tremors,0.0,F,F,1678744.0,178860.0,F,15109638.0,0,4011683167.0,4775597426.0,0.0,816954671.0,98.0,Terminids,F,1000000.0,1000000.0,"Liberate Hort before it falls into the Void, and defend Rirga Bay from the Voteless.",,,F,F,2026-03-25,20:10:13
2026-03-25 20:10:13.834117,123.0,SOCORRO III,Falstaff,Haunted Swamp,Thick Fog,0.0,F,F,1448620.0,208207.0,F,13941284.0,0,3610924145.0,4428751018.0,1.0,729248511.0,2407.0,Terminids,F,1000000.0,1000000.0,"Liberate Hort before it falls into the Void, and defend Rirga Bay from the Voteless.",,,F,F,2026-03-25,20:10:13
2026-03-25 20:10:13.834117,124.0,BORE ROCK,Falstaff,Basic Swamp,None,781.0,F,F,12338135.0,1335316.0,F,103004693.0,0,27843821708.0,31410685730.0,1809.0,5777851334.0,8570.0,Terminids,F,1000000.0,1000000.0,"Liberate Hort before it falls into the Void, and defend Rirga Bay from the Voteless.",,,F,F,2026-03-25,20:10:13
2026-03-25 20:10:13.834117,125.0,FENRIR III,Umlaut,Moon,Meteor Storms,1.0,F,F,17753737.0,1375517.0,F,110627480.0,0,30110364010.0,33357369303.0,270960735.0,6729348962.0,94825.0,Humans,F,2000000.0,2000000.0,"Liberate Hort before it falls into the Void, and defend Rirga Bay from the Voteless.",,,F,F,2026-03-25,20:10:13
2026-03-25 20:10:13.834117,126.0,TURING,Umlaut,Ethereal Jungle,None,4.0,F,F,23231824.0,1526439.0,F,124179377.0,0,32811893143.0,35167137898.0,177366295.0,6953143566.0,53034.0,Humans,F,2000000.0,2000000.0,"Liberate Hort before it falls into the Void, and defend Rirga Bay from the Voteless.",,,F,F,2026-03-25,20:10:13
2026-03-25 20:10:13.834117,127.0,ANGEL'S VENTURE,Orion,Tundra,None,5.0,F,F,4043649.0,374449.0,F,28092699.0,0,8225444619.0,9979899964.0,421.0,1836472756.0,534.0,Humans,F,1000000.0,1000000.0,"Liberate Hort before it falls into the Void, and defend Rirga Bay from the Voteless.",,,F,F,2026-03-25,20:10:13
2026-03-25 20:10:13.834117,128.0,DARIUS II,Borgus,Acidic Badlands,Acid Storms,554.0,F,F,5027386.0,456579.0,F,37697968.0,0,9238400517.0,10762728448.0,8.0,2297582381.0,69.0,Terminids,F,1400000.0,1400000.0,"Liberate Hort before it falls into the Void, and defend Rirga Bay from the Voteless.",,,F,F,2026-03-25,20:10:13
2026-03-25 20:10:13.834117,129.0,ACAMAR IV,Jin Xi,Plains,None,10.0,F,F,10388278.0,727573.0,T,79673931.0,0,22557100704.0,26865210868.0,1469.0,5557620365.0,5643.0,Humans,F,1500000.0,1500000.0,"Liberate Hort before it falls into the Void, and defend Rirga Bay from the Voteless.",128.0,Terminids,F,F,2026-03-25,20:10:13
2026-03-25 20:10:13.834117,130.0,ACHERNAR SECUNDUS,Borgus,Plains,None,19.0,F,F,4512877.0,290575.0,T,32552869.0,0,9395925052.0,11045382900.0,344923839.0,2152616615.0,352.0,Humans,F,2000000.0,2000000.0,"Liberate Hort before it falls into the Void, and defend Rirga Bay from the Voteless.",82.0,Terminids,F,F,2026-03-25,20:10:13
2026-03-25 20:10:13.834117,131.0,ACHIRD III,Borgus,Rocky Canyons,Tremors,188.0,F,F,14344628.0,707760.0,T,91019311.0,0,28943100326.0,32907025752.0,3827.0,7120639813.0,4040.0,Humans,F,2000000.0,2000000.0,"Liberate Hort before it falls into the Void, and defend Rirga Bay from the Voteless.",82.0,Terminids,F,F,2026-03-25,20:10:13
2026-03-25 20:10:13.834117,132.0,ACRAB XI,Ursa,Ionic Crimson,Ion Storms,0.0,F,F,0.0,0.0,F,0.0,0,0.0,0.0,0.0,0.0,0.0,Humans,F,1000000.0,1000000.0,"Liberate Hort before it falls into the Void, and defend Rirga Bay from the Voteless.",,,F,F,2026-03-25,20:10:13
2026-03-25 20:10:13.834117,133.0,ACRUX IX,Ursa,Boneyard,None,0.0,F,F,0.0,0.0,T,0.0,0,0.0,0.0,0.0,0.0,0.0,Humans,F,1000000.0,1000000.0,"Liberate Hort before it falls into the Void, and defend Rirga Bay from the Voteless.",175.0,Terminids,F,F,2026-03-25,20:10:13
2026-03-25 20:10:13.834117,134.0,ACUBENS PRIME,Gallux,Ethereal Jungle,None,0.0,F,F,465633.0,57039.0,F,3389109.0,0,1333855205.0,1315667050.0,298340692.0,0.0,0.0,Humans,F,1000000.0,1000000.0,"Liberate Hort before it falls into the Void, and defend Rirga Bay from the Voteless.",,,F,F,2026-03-25,20:10:13
2026-03-25 20:10:13.834117,135.0,ADHARA,Gallux,Scorched Moor,Fire Tornadoes,1.0,F,F,1432076.0,116685.0,T,9909366.0,0,7526903511.0,6210759328.0,528101426.0,2948.0,1383.0,Humans,F,1500000.0,1500000.0,"Liberate Hort before it falls into the Void, and defend Rirga Bay from the Voteless.",89.0,Illuminate,F,F,2026-03-25,20:10:13
2026-03-25 20:10:13.834117,136.0,AFOYAY BAY,Gallux,Plains,None,2.0,F,F,1791478.0,209184.0,T,13572164.0,0,7805984276.0,6964039250.0,975916120.0,1141.0,1287.0,Humans,F,1000000.0,1000000.0,"Liberate Hort before it falls into the Void, and defend Rirga Bay from the Voteless.",7.0,Illuminate,F,F,2026-03-25,20:10:13
2026-03-25 20:10:13.834117,137.0,AIN-5,Hanzo,Deadlands,Thick Fog,0.0,F,F,769011.0,79808.0,T,5460799.0,0,2999718414.0,2696214164.0,423351433.0,1763.0,3066.0,Humans,F,1000000.0,1000000.0,"Liberate Hort before it falls into the Void, and defend Rirga Bay from the Voteless.",93.0,Illuminate,F,F,2026-03-25,20:10:13
2026-03-25 20:10:13.834117,138.0,ALAIRT III,Hanzo,Ionic Jungle,Ion Storms,3.0,F,F,3143236.0,430155.0,T,29312887.0,0,8033847443.0,8508367000.0,1856603175.0,1140.0,283.0,Humans,F,2200000.0,2200000.0,"Liberate Hort before it falls into the Void, and defend Rirga Bay from the Voteless.",93.0,Illuminate,F,F,2026-03-25,20:10:13
2026-03-25 20:10:13.834117,139.0,ALAMAK VII,Hanzo,Ethereal Jungle,None,477.0,F,F,4754513.0,586955.0,F,41609385.0,0,14273386523.0,14206275374.0,2811929817.0,697.0,92.0,Illuminate,F,2300000.0,2300000.0,"Liberate Hort before it falls into the Void, and defend Rirga Bay from the Voteless.",,,F,F,2026-03-25,20:10:13
2026-03-25 20:10:13.834117,140.0,ALARAPH,Akira,Deadlands,Thick Fog,0.0,F,F,1494593.0,179688.0,T,12677029.0,0,5704434945.0,5293947016.0,900467312.0,910.0,1469.0,Humans,F,1800000.0,1800000.0,"Liberate Hort before it falls into the Void, and defend Rirga Bay from the Voteless.",94.0,Illuminate,F,F,2026-03-25,20:10:13
2026-03-25 20:10:13.834117,141.0,ALATHFAR XI,Akira,Icy Glaciers,Blizzards,0.0,F,F,516705.0,41240.0,F,3472611.0,0,1531828205.0,1515614420.0,363390426.0,0.0,0.0,Humans,F,2200000.0,2200000.0,"Liberate Hort before it falls into the Void, and defend Rirga Bay from the Voteless.",,,F,F,2026-03-25,20:10:13
2026-03-25 20:10:13.834117,142.0,ANDAR,Akira,Tundra,None,0.0,F,F,577775.0,59409.0,F,3916730.0,0,1637228222.0,1635363980.0,371673497.0,1658.0,203.0,Humans,F,1600000.0,1600000.0,"Liberate Hort before it falls into the Void, and defend Rirga Bay from the Voteless.",,,F,F,2026-03-25,20:10:13
2026-03-25 20:10:13.834117,143.0,ASPEROTH PRIME,Akira,Basic Swamp,None,0.0,F,F,370780.0,55969.0,F,3103999.0,0,1214392054.0,1151638412.0,251311362.0,295.0,0.0,Humans,F,1800000.0,1800000.0,"Liberate Hort before it falls into the Void, and defend Rirga Bay from the Voteless.",,,F,F,2026-03-25,20:10:13
2026-03-25 20:10:13.834117,144.0,BELLATRIX,Guang,Plains,None,0.0,F,F,1092301.0,139488.0,F,10553263.0,0,3544251012.0,3726954416.0,783903222.0,295.0,0.0,Humans,F,1000000.0,1000000.0,"Liberate Hort before it falls into the Void, and defend Rirga Bay from the Voteless.",,,F,F,2026-03-25,20:10:13
2026-03-25 20:10:13.834117,145.0,BOTEIN,Guang,Acidic Badlands,Acid Storms,0.0,F,F,135809.0,20953.0,F,1153394.0,0,394015950.0,383487346.0,92336704.0,0.0,0.0,Humans,F,1000000.0,1000000.0,"Liberate Hort before it falls into the Void, and defend Rirga Bay from the Voteless.",,,F,F,2026-03-25,20:10:13
2026-03-25 20:10:13.834117,146.0,OSUPSAM,Tarragon,Desert Dunes,Sandstorms,0.0,F,F,497592.0,53785.0,F,3784435.0,0,1538044993.0,1496498836.0,336673095.0,0.0,0.0,Humans,F,1000000.0,1000000.0,"Liberate Hort before it falls into the Void, and defend Rirga Bay from the Voteless.",,,F,F,2026-03-25,20:10:13
2026-03-25 20:10:13.834117,147.0,BRINK-2,Tarragon,Ionic Jungle,Ion Storms,0.0,F,F,310715.0,34894.0,F,2337633.0,0,923033646.0,897137578.0,210514577.0,0.0,0.0,Humans,F,1000000.0,1000000.0,"Liberate Hort before it falls into the Void, and defend Rirga Bay from the Voteless.",,,F,F,2026-03-25,20:10:13
2026-03-25 20:10:13.834117,148.0,BUNDA SECUNDUS,Tarragon,Tundra,None,0.0,F,F,119208.0,17737.0,F,1023329.0,0,381854879.0,367114968.0,85945061.0,177.0,0.0,Humans,F,1000000.0,1000000.0,"Liberate Hort before it falls into the Void, and defend Rirga Bay from the Voteless.",,,F,F,2026-03-25,20:10:13
2026-03-25 20:10:13.834117,149.0,CANOPUS,Tarragon,Desert Cliffs,Tremors,0.0,F,F,490965.0,61486.0,F,3851654.0,0,1492067282.0,1446817450.0,333747909.0,0.0,135.0,Humans,F,1000000.0,1000000.0,"Liberate Hort before it falls into the Void, and defend Rirga Bay from the Voteless.",,,F,F,2026-03-25,20:10:13
2026-03-25 20:10:13.834117,150.0,CAPH,Theseus,Basic Swamp,None,0.0,F,F,11931.0,1379.0,F,90006.0,0,18838297.0,21086478.0,0.0,0.0,4149358.0,Humans,F,2200000.0,2200000.0,"Liberate Hort before it falls into the Void, and defend Rirga Bay from the Voteless.",,,F,F,2026-03-25,20:10:13
2026-03-25 20:10:13.834117,151.0,CASTOR,Theseus,Rocky Canyons,Tremors,0.0,F,F,0.0,0.0,F,0.0,0,0.0,0.0,0.0,0.0,0.0,Humans,F,1000000.0,1000000.0,"Liberate Hort before it falls into the Void, and defend Rirga Bay from the Voteless.",,,F,F,2026-03-25,20:10:13
2026-03-25 20:10:13.834117,152.0,DURGEN,Severin,Desert Dunes,Sandstorms,1.0,F,F,5115724.0,485635.0,F,39449861.0,0,7278423270.0,6965551019.0,0.0,24794.0,1006082961.0,Humans,F,1000000.0,1000000.0,"Liberate Hort before it falls into the Void, and defend Rirga Bay from the Voteless.",,,F,F,2026-03-25,20:10:13
2026-03-25 20:10:13.834117,153.0,DRAUPNIR,Xzar,Plains,None,0.0,F,F,5299992.0,662087.0,F,21595582.0,0,2501596604.0,2461593456.0,0.0,519.0,345274364.0,Humans,F,1800000.0,1800000.0,"Liberate Hort before it falls into the Void, and defend Rirga Bay from the Voteless.",,,F,F,2026-03-25,20:10:13
2026-03-25 20:10:13.834117,154.0,MORT,Xzar,Deadlands,Thick Fog,0.0,F,F,2839031.0,138195.0,F,13684737.0,0,2398952179.0,2424653517.0,0.0,1184.0,522302812.0,Humans,F,1400000.0,1400000.0,"Liberate Hort before it falls into the Void, and defend Rirga Bay from the Voteless.",,,F,F,2026-03-25,20:10:13
2026-03-25 20:10:13.834117,155.0,INGMAR,Xzar,Ionic Crimson,Ion Storms,0.0,F,F,1077891.0,93833.0,F,8643012.0,0,1860618563.0,2075890357.0,0.0,26.0,412116917.0,Humans,F,1800000.0,1800000.0,"Liberate Hort before it falls into the Void, and defend Rirga Bay from the Voteless.",,,F,F,2026-03-25,20:10:13
2026-03-25 20:10:13.834117,156.0,CHARBAL-VII,Andromeda,Acidic Badlands,Acid Storms,41.0,F,F,4058338.0,499606.0,T,37292996.0,0,6364600751.0,6789595400.0,432.0,2105.0,1192414282.0,Humans,F,2000000.0,2000000.0,"Liberate Hort before it falls into the Void, and defend Rirga Bay from the Voteless.",157.0,Automaton,F,F,2026-03-25,20:10:13
2026-03-25 20:10:13.834117,157.0,CHARON PRIME,Andromeda,Ionic Crimson,Ion Storms,1493.0,F,F,5699798.0,466183.0,F,37712065.0,0,8480248744.0,8993770598.0,58.0,10.0,1626613847.0,Automaton,F,1000000.0,1000000.0,"Liberate Hort before it falls into the Void, and defend Rirga Bay from the Voteless.",,,F,F,2026-03-25,20:10:13
2026-03-25 20:10:13.834117,158.0,CHOEPESSA IV,Trigon,Boneyard,None,47.0,F,F,9089133.0,693546.0,T,67303962.0,0,13696629116.0,14248600040.0,2367.0,5745.0,2594979603.0,Humans,F,3200000.0,3200000.0,"Liberate Hort before it falls into the Void, and defend Rirga Bay from the Voteless.",157.0,Automaton,F,F,2026-03-25,20:10:13
2026-03-25 20:10:13.834117,159.0,CHOOHE,Lacaille,Desert Dunes,Sandstorms,506.0,F,F,3449644.0,430961.0,F,26859044.0,0,4402010719.0,4678003776.0,31.0,0.0,887144928.0,Automaton,F,1000000.0,1000000.0,"Liberate Hort before it falls into the Void, and defend Rirga Bay from the Voteless.",,,F,F,2026-03-25,20:10:13
2026-03-25 20:10:13.834117,160.0,CHORT BAY,Lacaille,Acidic Badlands,Acid Storms,4.0,F,F,5525605.0,592445.0,T,48503229.0,0,8606797480.0,9642034296.0,0.0,182.0,1612436075.0,Humans,F,1000000.0,1000000.0,"Liberate Hort before it falls into the Void, and defend Rirga Bay from the Voteless.",159.0,Automaton,F,F,2026-03-25,20:10:13
2026-03-25 20:10:13.834117,161.0,CLAORELL,Tanis,Moon,Meteor Storms,2.0,F,F,7699954.0,525232.0,F,60539252.0,0,11924381059.0,13491026676.0,45154601.0,321.0,2705364913.0,Humans,F,2200000.0,2200000.0,"Liberate Hort before it falls into the Void, and defend Rirga Bay from the Voteless.",,,F,F,2026-03-25,20:10:13
2026-03-25 20:10:13.834117,162.0,CLASA,Tanis,Basic Swamp,None,4.0,F,F,5932068.0,768327.0,F,42971131.0,0,9847758924.0,10164263308.0,1285.0,4511.0,1526413406.0,Humans,F,1700000.0,1700000.0,"Liberate Hort before it falls into the Void, and defend Rirga Bay from the Voteless.",,,F,F,2026-03-25,20:10:13
2026-03-25 20:10:13.834117,163.0,DEMIURG,Tanis,Tundra,None,1.0,F,F,678594.0,61524.0,F,5119552.0,0,998937136.0,1119163910.0,0.0,0.0,270286651.0,Humans,F,1000000.0,1000000.0,"Liberate Hort before it falls into the Void, and defend Rirga Bay from the Voteless.",,,F,F,2026-03-25,20:10:13
2026-03-25 20:10:13.834117,164.0,DENEB SECUNDUS,Arturion,Boneyard,None,0.0,F,F,3.0,0.0,F,15.0,0,209.0,104.0,0.0,1.0,0.0,Humans,F,1000000.0,1000000.0,"Liberate Hort before it falls into the Void, and defend Rirga Bay from the Voteless.",,,F,F,2026-03-25,20:10:13
2026-03-25 20:10:13.834117,165.0,ELECTRA BAY,Arturion,Plains,None,0.0,F,F,0.0,1.0,F,2.0,0,477.0,752.0,0.0,100.0,0.0,Humans,F,1000000.0,1000000.0,"Liberate Hort before it falls into the Void, and defend Rirga Bay from the Voteless.",,,F,F,2026-03-25,20:10:13
2026-03-25 20:10:13.834117,166.0,ENULIALE,L'estrade,Ionic Crimson,Ion Storms,0.0,F,F,0.0,0.0,F,0.0,0,1.0,0.0,0.0,0.0,0.0,Terminids,F,1000000.0,1000000.0,"Liberate Hort before it falls into the Void, and defend Rirga Bay from the Voteless.",,,F,F,2026-03-25,20:10:13
2026-03-25 20:10:13.834117,167.0,EPSILON PHOENCIS VI,L'estrade,Icy Glaciers,Blizzards,0.0,F,F,2.0,0.0,F,5.0,0,1889.0,2048.0,0.0,811.0,0.0,Terminids,F,1000000.0,1000000.0,"Liberate Hort before it falls into the Void, and defend Rirga Bay from the Voteless.",,,F,F,2026-03-25,20:10:13
2026-03-25 20:10:13.834117,168.0,ERATA PRIME,Umlaut,Desert Cliffs,Tremors,11.0,F,F,27302396.0,2171707.0,T,195546386.0,0,48548108385.0,57450377291.0,77872593.0,11906398419.0,373.0,Humans,F,1500000.0,1500000.0,"Liberate Hort before it falls into the Void, and defend Rirga Bay from the Voteless.",124.0,Terminids,F,F,2026-03-25,20:10:13
2026-03-25 20:10:13.834117,169.0,ESTANU,Draco,Boneyard,None,4.0,F,F,32125195.0,3099417.0,F,187589366.0,0,53887439799.0,64458408072.0,3256.0,11965449680.0,811.0,Humans,F,1000000.0,1000000.0,"Liberate Hort before it falls into the Void, and defend Rirga Bay from the Voteless.",,,F,F,2026-03-25,20:10:13
2026-03-25 20:10:13.834117,170.0,FORI PRIME,Draco,Rocky Canyons,Tremors,30.0,F,F,28077177.0,2736794.0,T,196930940.0,0,56574860707.0,65802138908.0,1008.0,11917415239.0,5866.0,Humans,F,1000000.0,1000000.0,"Liberate Hort before it falls into the Void, and defend Rirga Bay from the Voteless.",171.0,Terminids,F,F,2026-03-25,20:10:13
2026-03-25 20:10:13.834117,171.0,GACRUX,Jin Xi,Basic Swamp,None,381.0,F,F,13189679.0,1070562.0,F,107130893.0,0,28656517704.0,33377675942.0,107.0,6615843318.0,323.0,Terminids,F,1000000.0,1000000.0,"Liberate Hort before it falls into the Void, and defend Rirga Bay from the Voteless.",,,F,F,2026-03-25,20:10:13
2026-03-25 20:10:13.834117,172.0,GAR HAREN,Jin Xi,Haunted Swamp,Thick Fog,566.0,F,F,4259731.0,351112.0,F,32622340.0,0,7480203631.0,8836834520.0,383.0,2082356969.0,19.0,Terminids,F,1000000.0,1000000.0,"Liberate Hort before it falls into the Void, and defend Rirga Bay from the Voteless.",,,F,F,2026-03-25,20:10:13
2026-03-25 20:10:13.834117,173.0,GATRIA,Jin Xi,Ionic Crimson,Ion Storms,17.0,F,F,16058961.0,809727.0,T,102189681.0,0,33352848261.0,39008510726.0,4670.0,7936406476.0,8243.0,Humans,F,1500000.0,1500000.0,"Liberate Hort before it falls into the Void, and defend Rirga Bay from the Voteless.",100.0,Terminids,F,F,2026-03-25,20:10:13
2026-03-25 20:10:13.834117,174.0,GEMMA,Ursa,Ionic Jungle,Ion Storms,0.0,F,F,903816.0,101278.0,F,6656237.0,0,2749191052.0,2674483180.0,586021282.0,523.0,0.0,Humans,F,1000000.0,1000000.0,"Liberate Hort before it falls into the Void, and defend Rirga Bay from the Voteless.",,,F,F,2026-03-25,20:10:13
2026-03-25 20:10:13.834117,175.0,GRAND ERRANT,Farsight,Scorched Moor,Fire Tornadoes,1843.0,F,F,5129143.0,335240.0,F,29187162.0,0,7209159265.0,7808778738.0,57.0,1648579835.0,265.0,Terminids,F,1000000.0,1000000.0,"Liberate Hort before it falls into the Void, and defend Rirga Bay from the Voteless.",,,F,F,2026-03-25,20:10:13
2026-03-25 20:10:13.834117,176.0,HADAR,Ferris,Icy Glaciers,Blizzards,0.0,F,F,733862.0,78368.0,F,5093844.0,0,2021788360.0,2033009168.0,477077982.0,559.0,0.0,Humans,F,1000000.0,1000000.0,"Liberate Hort before it falls into the Void, and defend Rirga Bay from the Voteless.",,,F,F,2026-03-25,20:10:13
2026-03-25 20:10:13.834117,177.0,HAKA,Leo,Deadlands,Thick Fog,0.0,F,F,1.0,0.0,F,1.0,0,70.0,66.0,0.0,59.0,0.0,Humans,F,1000000.0,1000000.0,"Liberate Hort before it falls into the Void, and defend Rirga Bay from the Voteless.",,,F,F,2026-03-25,20:10:13
2026-03-25 20:10:13.834117,178.0,HALDUS,Ferris,Basic Swamp,None,147.0,F,F,933037.0,142948.0,F,7988324.0,0,2877743101.0,2821296446.0,613100983.0,513.0,10.0,Illuminate,F,1000000.0,1000000.0,"Liberate Hort before it falls into the Void, and defend Rirga Bay from the Voteless.",,,F,F,2026-03-25,20:10:13
2026-03-25 20:10:13.834117,179.0,HALIES PORT,Leo,Boneyard,None,0.0,F,F,3.0,0.0,F,0.0,0,361.0,394.0,492.0,0.0,0.0,Humans,F,1000000.0,1000000.0,"Liberate Hort before it falls into the Void, and defend Rirga Bay from the Voteless.",,,F,F,2026-03-25,20:10:13
2026-03-25 20:10:13.834117,180.0,HERTHON SECUNDUS,Ferris,Scorched Moor,Fire Tornadoes,1748.0,F,F,3418523.0,389717.0,F,29093077.0,0,8893072454.0,9170479696.0,1558732022.0,3575.0,2284.0,Illuminate,F,1800000.0,1800000.0,"Liberate Hort before it falls into the Void, and defend Rirga Bay from the Voteless.",,,F,F,2026-03-25,20:10:13
2026-03-25 20:10:13.834117,181.0,HESOE PRIME,Rigel,Icy Glaciers,Blizzards,0.0,F,F,1148795.0,105387.0,F,8151645.0,0,4101133753.0,3909014332.0,766413696.0,3950.0,836.0,Illuminate,F,1000000.0,1000000.0,"Liberate Hort before it falls into the Void, and defend Rirga Bay from the Voteless.",,,F,F,2026-03-25,20:10:13
2026-03-25 20:10:13.834117,182.0,HEZE BAY,Hanzo,Desert Dunes,Sandstorms,37.0,F,F,1777907.0,144488.0,T,11845774.0,0,4553898928.0,4483752036.0,833204581.0,14.0,548.0,Humans,F,1800000.0,1800000.0,"Liberate Hort before it falls into the Void, and defend Rirga Bay from the Voteless.",184.0,Illuminate,F,F,2026-03-25,20:10:13
2026-03-25 20:10:13.834117,183.0,HORT,Rigel,Plains,None,43369.0,F,T,2269341.0,224906.0,F,17479856.0,0,9255421393.0,8465578564.0,1297411154.0,4064.0,187.0,Illuminate,F,2200000.0,2200000.0,"Liberate Hort before it falls into the Void, and defend Rirga Bay from the Voteless.",,,F,T,2026-03-25,20:10:13
2026-03-25 20:10:13.834117,184.0,HYDROBIUS,Omega,Desert Cliffs,Tremors,759.0,F,F,2472834.0,352991.0,F,23737584.0,0,7716486957.0,7811079748.0,1489129615.0,31.0,1580.0,Illuminate,F,1400000.0,1400000.0,"Liberate Hort before it falls into the Void, and defend Rirga Bay from the Voteless.",,,F,F,2026-03-25,20:10:13
2026-03-25 20:10:13.834117,185.0,KARLIA,Omega,Scorched Moor,Fire Tornadoes,0.0,F,F,1170471.0,131376.0,T,9963704.0,0,3867083873.0,3651690514.0,770918090.0,1321.0,269.0,Humans,F,1400000.0,1400000.0,"Liberate Hort before it falls into the Void, and defend Rirga Bay from the Voteless.",184.0,Illuminate,F,F,2026-03-25,20:10:13
2026-03-25 20:10:13.834117,186.0,KEID,Akira,Desert Dunes,Sandstorms,0.0,F,F,1087603.0,97812.0,T,7628253.0,0,3207239696.0,3123201310.0,717544988.0,0.0,294.0,Humans,F,1000000.0,1000000.0,"Liberate Hort before it falls into the Void, and defend Rirga Bay from the Voteless.",230.0,Illuminate,F,F,2026-03-25,20:10:13
2026-03-25 20:10:13.834117,187.0,KHANDARK,Guang,Haunted Swamp,Thick Fog,0.0,F,F,201418.0,23973.0,F,1401287.0,0,552287034.0,521751160.0,128998959.0,81.0,0.0,Humans,F,1000000.0,1000000.0,"Liberate Hort before it falls into the Void, and defend Rirga Bay from the Voteless.",,,F,F,2026-03-25,20:10:13
2026-03-25 20:10:13.834117,188.0,KLAKA 5,Alstrad,Haunted Swamp,Thick Fog,0.0,F,F,170704.0,16234.0,F,1193322.0,0,491228523.0,469739798.0,111380104.0,0.0,0.0,Humans,F,1000000.0,1000000.0,"Liberate Hort before it falls into the Void, and defend Rirga Bay from the Voteless.",,,F,F,2026-03-25,20:10:13
2026-03-25 20:10:13.834117,189.0,KNETH PORT,Alstrad,Scorched Moor,Fire Tornadoes,0.0,F,F,0.0,0.0,F,0.0,0,0.0,0.0,0.0,0.0,0.0,Humans,F,1000000.0,1000000.0,"Liberate Hort before it falls into the Void, and defend Rirga Bay from the Voteless.",,,F,F,2026-03-25,20:10:13
2026-03-25 20:10:13.834117,190.0,KRAZ,Alstrad,Rocky Canyons,Tremors,0.0,F,F,434497.0,45662.0,F,3224093.0,0,1253927772.0,1212863402.0,325974967.0,0.0,0.0,Humans,F,1000000.0,1000000.0,"Liberate Hort before it falls into the Void, and defend Rirga Bay from the Voteless.",,,F,F,2026-03-25,20:10:13
2026-03-25 20:10:13.834117,191.0,KUMA,Hawking,Rocky Canyons,Tremors,0.0,F,F,0.0,1.0,F,0.0,0,328.0,466.0,0.0,283.0,0.0,Humans,F,1000000.0,1000000.0,"Liberate Hort before it falls into the Void, and defend Rirga Bay from the Voteless.",,,F,F,2026-03-25,20:10:13
2026-03-25 20:10:13.834117,192.0,LASTOFE,Theseus,Desert Dunes,Sandstorms,0.0,F,F,4.0,1.0,F,41.0,0,5583.0,8120.0,0.0,0.0,1621.0,Humans,F,1000000.0,1000000.0,"Liberate Hort before it falls into the Void, and defend Rirga Bay from the Voteless.",,,F,F,2026-03-25,20:10:13
2026-03-25 20:10:13.834117,193.0,LENG SECUNDUS,Quintus,Acidic Badlands,Acid Storms,0.0,F,F,96721.0,13206.0,F,788953.0,0,267010296.0,255398276.0,63026674.0,0.0,0.0,Humans,F,1000000.0,1000000.0,"Liberate Hort before it falls into the Void, and defend Rirga Bay from the Voteless.",,,F,F,2026-03-25,20:10:13
2026-03-25 20:10:13.834117,194.0,LESATH,Lacaille,Boneyard,None,9.0,F,F,21616422.0,1682624.0,T,165879159.0,0,33588352743.0,35598037654.0,3639.0,20191.0,6464605317.0,Humans,F,1000000.0,1000000.0,"Liberate Hort before it falls into the Void, and defend Rirga Bay from the Voteless.",112.0,Automaton,F,F,2026-03-25,20:10:13
2026-03-25 20:10:13.834117,195.0,MAIA,Severin,Moon,Meteor Storms,0.0,F,F,3312119.0,271234.0,F,29901298.0,0,6205676566.0,6364853472.0,32059.0,22.0,839243310.0,Humans,F,1000000.0,1000000.0,"Liberate Hort before it falls into the Void, and defend Rirga Bay from the Voteless.",,,F,F,2026-03-25,20:10:13
2026-03-25 20:10:13.834117,196.0,MALEVELON CREEK,Severin,Ionic Jungle,Ion Storms,0.0,F,F,5124340.0,716230.0,F,25111715.0,0,2776574743.0,2764070020.0,3686.0,8023.0,377168455.0,Humans,F,1400000.0,1400000.0,"Liberate Hort before it falls into the Void, and defend Rirga Bay from the Voteless.",,,F,F,2026-03-25,20:10:13
2026-03-25 20:10:13.834117,197.0,MANTES,Xzar,Volcanic Jungle,Volcanic Activity,0.0,F,F,4009796.0,408153.0,F,13387187.0,0,1873825466.0,1491842274.0,62.0,24759.0,276638913.0,Humans,F,1000000.0,1000000.0,"Liberate Hort before it falls into the Void, and defend Rirga Bay from the Voteless.",,,F,F,2026-03-25,20:10:13
2026-03-25 20:10:13.834117,198.0,MARFARK,Andromeda,Icy Glaciers,Blizzards,2267.0,F,F,12007884.0,1033457.0,F,95170610.0,0,19271376856.0,20412800810.0,2039.0,5014.0,3366938519.0,Automaton,F,1000000.0,1000000.0,"Liberate Hort before it falls into the Void, and defend Rirga Bay from the Voteless.",,,F,F,2026-03-25,20:10:13
2026-03-25 20:10:13.834117,199.0,MARTALE,Andromeda,Tundra,None,0.0,F,F,9148835.0,798955.0,F,77058363.0,0,16176987933.0,19055412984.0,919.0,3383.0,4936722791.0,Automaton,F,1500000.0,1500000.0,"Liberate Hort before it falls into the Void, and defend Rirga Bay from the Voteless.",,,F,F,2026-03-25,20:10:13
2026-03-25 20:10:13.834117,200.0,MATAR BAY,Andromeda,Plains,None,0.0,F,F,5910455.0,532779.0,F,48171926.0,0,9360506513.0,10137147054.0,0.0,1983.0,1918440408.0,Automaton,F,1800000.0,1800000.0,"Liberate Hort before it falls into the Void, and defend Rirga Bay from the Voteless.",,,F,F,2026-03-25,20:10:13
2026-03-25 20:10:13.834117,201.0,MEISSA,Ymir,Volcanic Jungle,Volcanic Activity,0.0,F,F,2595897.0,288128.0,F,24418431.0,0,4214599436.0,4485394048.0,0.0,123.0,791345091.0,Automaton,F,1000000.0,1000000.0,"Liberate Hort before it falls into the Void, and defend Rirga Bay from the Voteless.",,,F,F,2026-03-25,20:10:13
2026-03-25 20:10:13.834117,202.0,MEKBUDA,Valdis,Rocky Canyons,Tremors,0.0,F,F,75.0,7.0,F,511.0,0,219544.0,145976.0,0.0,0.0,15043.0,Automaton,F,1000000.0,1000000.0,"Liberate Hort before it falls into the Void, and defend Rirga Bay from the Voteless.",,,F,F,2026-03-25,20:10:13
2026-03-25 20:10:13.834117,203.0,MENKENT,Hydra,Scorched Moor,Fire Tornadoes,195.0,F,F,12493125.0,1705298.0,F,118868054.0,0,18606887666.0,19224585962.0,103.0,2914.0,3025491981.0,Automaton,F,1000000.0,1000000.0,"Liberate Hort before it falls into the Void, and defend Rirga Bay from the Voteless.",,,F,F,2026-03-25,20:10:13
2026-03-25 20:10:13.834117,204.0,MERAK,Valdis,Ionic Jungle,Ion Storms,1.0,F,F,1782346.0,253097.0,T,121424588.0,0,2176661375.0,2530679720.0,193.0,1388.0,414712510.0,Humans,F,1000000.0,1000000.0,"Liberate Hort before it falls into the Void, and defend Rirga Bay from the Voteless.",205.0,Automaton,F,F,2026-03-25,20:10:13
2026-03-25 20:10:13.834117,205.0,MERGA IV,Valdis,Haunted Swamp,Thick Fog,210.0,F,F,649718.0,90851.0,F,4232172.0,0,776354277.0,853244750.0,1286.0,5133.0,136532252.0,Automaton,F,1000000.0,1000000.0,"Liberate Hort before it falls into the Void, and defend Rirga Bay from the Voteless.",,,F,F,2026-03-25,20:10:13
2026-03-25 20:10:13.834117,206.0,MINCHIR,Gellert,Ionic Jungle,Ion Storms,0.0,F,F,1.0,0.0,F,1.0,0,591.0,626.0,0.0,0.0,26.0,Humans,F,1000000.0,1000000.0,"Liberate Hort before it falls into the Void, and defend Rirga Bay from the Voteless.",,,F,F,2026-03-25,20:10:13
2026-03-25 20:10:13.834117,207.0,MINTORIA,Gellert,Plains,None,470.0,F,F,4263859.0,365791.0,F,32967654.0,0,6578582160.0,7094464758.0,2774.0,4747.0,1469974121.0,Automaton,F,1300000.0,1300000.0,"Liberate Hort before it falls into the Void, and defend Rirga Bay from the Voteless.",,,F,F,2026-03-25,20:10:13
2026-03-25 20:10:13.834117,208.0,MORDIA 9,Hawking,Ethereal Jungle,None,0.0,F,F,0.0,2.0,F,13.0,0,394.0,566.0,0.0,142.0,0.0,Humans,F,1000000.0,1000000.0,"Liberate Hort before it falls into the Void, and defend Rirga Bay from the Voteless.",,,F,F,2026-03-25,20:10:13
2026-03-25 20:10:13.834117,209.0,NABATEA SECUNDUS,L'estrade,Basic Swamp,None,0.0,F,F,3.0,0.0,F,18.0,0,7896.0,7832.0,66.0,2127.0,0.0,Terminids,F,1000000.0,1000000.0,"Liberate Hort before it falls into the Void, and defend Rirga Bay from the Voteless.",,,F,F,2026-03-25,20:10:13
2026-03-25 20:10:13.834117,210.0,NAVI VII,L'estrade,Volcanic Jungle,Volcanic Activity,0.0,F,F,1.0,0.0,F,1.0,0,2299.0,2402.0,0.0,390.0,0.0,Terminids,F,1000000.0,1000000.0,"Liberate Hort before it falls into the Void, and defend Rirga Bay from the Voteless.",,,F,F,2026-03-25,20:10:13
2026-03-25 20:10:13.834117,211.0,NIVEL 43,Mirin,Deadlands,Thick Fog,371.0,F,F,11043021.0,990562.0,F,79924008.0,0,22925533640.0,25465082046.0,2378.0,4644089065.0,5752.0,Terminids,F,1000000.0,1000000.0,"Liberate Hort before it falls into the Void, and defend Rirga Bay from the Voteless.",,,F,F,2026-03-25,20:10:13
2026-03-25 20:10:13.834117,212.0,OSHAUNE,Mirin,Hive World,None,19.0,F,F,27712931.0,5162461.0,T,287045314.0,0,64251033381.0,75874055186.0,1813.0,12171140277.0,13845.0,Humans,F,1000000.0,1000000.0,"Liberate Hort before it falls into the Void, and defend Rirga Bay from the Voteless.",259.0,Terminids,F,F,2026-03-25,20:10:13
2026-03-25 20:10:13.834117,213.0,OVERGOE PRIME,Sten,Ionic Crimson,Ion Storms,0.0,F,F,30.0,3.0,F,40.0,0,8853.0,8484.0,0.0,2081.0,1.0,Terminids,F,1000000.0,1000000.0,"Liberate Hort before it falls into the Void, and defend Rirga Bay from the Voteless.",,,F,F,2026-03-25,20:10:13
2026-03-25 20:10:13.834117,214.0,PANDION-XXIV,Jin Xi,Deadlands,Thick Fog,873.0,F,F,17065623.0,1262557.0,F,130795346.0,0,31903669396.0,38034522552.0,512.0,7904165230.0,1274.0,Terminids,F,1000000.0,1000000.0,"Liberate Hort before it falls into the Void, and defend Rirga Bay from the Voteless.",,,F,F,2026-03-25,20:10:13
2026-03-25 20:10:13.834117,215.0,PARTION,Sten,Scorched Moor,Fire Tornadoes,0.0,F,F,2306074.0,234565.0,F,17029354.0,0,3670620075.0,4242540596.0,0.0,920256708.0,147.0,Terminids,F,1000000.0,1000000.0,"Liberate Hort before it falls into the Void, and defend Rirga Bay from the Voteless.",,,F,F,2026-03-25,20:10:13
2026-03-25 20:10:13.834117,216.0,PEACOCK,Sten,Ionic Jungle,Ion Storms,0.0,F,F,730008.0,63575.0,F,6628221.0,0,1377566537.0,1654312058.0,0.0,367362786.0,0.0,Terminids,F,1300000.0,1300000.0,"Liberate Hort before it falls into the Void, and defend Rirga Bay from the Voteless.",,,F,F,2026-03-25,20:10:13
2026-03-25 20:10:13.834117,217.0,PHACT BAY,Jin Xi,Desert Dunes,Sandstorms,6647.0,F,F,16907446.0,1200097.0,F,122209353.0,0,30527191495.0,36164124886.0,382.0,7758130604.0,2504.0,Terminids,F,2200000.0,2200000.0,"Liberate Hort before it falls into the Void, and defend Rirga Bay from the Voteless.",,,F,F,2026-03-25,20:10:13
2026-03-25 20:10:13.834117,218.0,PHERKAD SECUNDUS,Farsight,Basic Swamp,None,1.0,F,F,2778126.0,256629.0,T,20457292.0,0,7193614344.0,7760145072.0,1376.0,1343425279.0,35.0,Humans,F,1000000.0,1000000.0,"Liberate Hort before it falls into the Void, and defend Rirga Bay from the Voteless.",175.0,Terminids,F,F,2026-03-25,20:10:13
2026-03-25 20:10:13.834117,219.0,POLARIS PRIME,Farsight,Desert Cliffs,Tremors,5.0,F,F,1378327.0,114275.0,T,10932202.0,0,3083638101.0,3542559374.0,59966622.0,633556667.0,4057.0,Humans,F,2000000.0,2000000.0,"Liberate Hort before it falls into the Void, and defend Rirga Bay from the Voteless.",175.0,Terminids,F,F,2026-03-25,20:10:13
2026-03-25 20:10:13.834117,220.0,POLLUX 31,Farsight,Volcanic Jungle,Volcanic Activity,0.0,F,F,22.0,5.0,F,101.0,0,29821.0,42016.0,7609.0,1605.0,0.0,Humans,F,1000000.0,1000000.0,"Liberate Hort before it falls into the Void, and defend Rirga Bay from the Voteless.",,,F,F,2026-03-25,20:10:13
2026-03-25 20:10:13.834117,221.0,PRASA,Farsight,Rocky Canyons,Tremors,0.0,F,F,2.0,0.0,F,0.0,0,51.0,74.0,0.0,25.0,0.0,Humans,F,1000000.0,1000000.0,"Liberate Hort before it falls into the Void, and defend Rirga Bay from the Voteless.",,,F,F,2026-03-25,20:10:13
2026-03-25 20:10:13.834117,222.0,PROPUS,Leo,Desert Dunes,Sandstorms,0.0,F,F,232276.0,26364.0,F,1759993.0,0,677075887.0,664217330.0,156611705.0,1559.0,0.0,Humans,F,1000000.0,1000000.0,"Liberate Hort before it falls into the Void, and defend Rirga Bay from the Voteless.",,,F,F,2026-03-25,20:10:13
2026-03-25 20:10:13.834117,223.0,RAS ALGETHI,Leo,Tundra,None,0.0,F,F,204105.0,25094.0,F,1577149.0,0,653759737.0,631023398.0,139154924.0,1522.0,0.0,Humans,F,1000000.0,1000000.0,"Liberate Hort before it falls into the Void, and defend Rirga Bay from the Voteless.",,,F,F,2026-03-25,20:10:13
2026-03-25 20:10:13.834117,224.0,RD-4,Rigel,Moon,Meteor Storms,0.0,F,F,769548.0,82820.0,F,5541460.0,0,2433115210.0,2315113626.0,482017809.0,1201.0,88.0,Illuminate,F,1000000.0,1000000.0,"Liberate Hort before it falls into the Void, and defend Rirga Bay from the Voteless.",,,F,F,2026-03-25,20:10:13
2026-03-25 20:10:13.834117,225.0,ROGUE 5,Rigel,Volcanic Jungle,Volcanic Activity,0.0,F,F,114036.0,19091.0,F,1017632.0,0,314938809.0,312477576.0,69793443.0,1056.0,420.0,Illuminate,F,1000000.0,1000000.0,"Liberate Hort before it falls into the Void, and defend Rirga Bay from the Voteless.",,,F,F,2026-03-25,20:10:13
2026-03-25 20:10:13.834117,226.0,RIRGA BAY,Rigel,Acidic Badlands,Acid Storms,1428.0,F,F,2180115.0,150279.0,T,1014428037.0,0,5266860700.0,5459259234.0,2141966328.0,56.0,1233.0,Humans,T,1200000.0,1200000.0,"Liberate Hort before it falls into the Void, and defend Rirga Bay from the Voteless.",183.0,Illuminate,F,F,2026-03-25,20:10:13
2026-03-25 20:10:13.834117,227.0,SEASSE,Omega,Basic Swamp,None,0.0,F,F,3846837.0,464727.0,F,35232649.0,0,11449052828.0,13474152706.0,1592856241.0,4061.0,5695.0,Illuminate,F,1000000.0,1000000.0,"Liberate Hort before it falls into the Void, and defend Rirga Bay from the Voteless.",,,F,F,2026-03-25,20:10:13
2026-03-25 20:10:13.834117,228.0,SENGE 23,Omega,Rocky Canyons,Tremors,0.0,F,F,537193.0,63126.0,F,4473688.0,0,1600379139.0,1616872590.0,378955508.0,0.0,369.0,Illuminate,F,1300000.0,1300000.0,"Liberate Hort before it falls into the Void, and defend Rirga Bay from the Voteless.",,,F,F,2026-03-25,20:10:13
2026-03-25 20:10:13.834117,229.0,SETIA,Omega,Haunted Swamp,Thick Fog,0.0,F,F,251869.0,38637.0,F,2070498.0,0,728010127.0,715802418.0,157067721.0,175.0,0.0,Illuminate,F,1000000.0,1000000.0,"Liberate Hort before it falls into the Void, and defend Rirga Bay from the Voteless.",,,F,F,2026-03-25,20:10:13
2026-03-25 20:10:13.834117,230.0,SHETE,Xi Tauri,Acidic Badlands,Acid Storms,73.0,F,F,824049.0,71501.0,F,6059926.0,0,3688378080.0,3136589086.0,462194100.0,1124.0,1284.0,Illuminate,F,1400000.0,1400000.0,"Liberate Hort before it falls into the Void, and defend Rirga Bay from the Voteless.",,,F,F,2026-03-25,20:10:13
2026-03-25 20:10:13.834117,231.0,SIEMNOT,Xi Tauri,Ionic Jungle,Ion Storms,0.0,F,F,166721.0,22536.0,T,1317199.0,0,519916833.0,501750406.0,112773098.0,0.0,0.0,Humans,F,1000000.0,1000000.0,"Liberate Hort before it falls into the Void, and defend Rirga Bay from the Voteless.",230.0,Illuminate,F,F,2026-03-25,20:10:13
2026-03-25 20:10:13.834117,232.0,SIRIUS,Xi Tauri,Moon,Meteor Storms,0.0,F,F,399329.0,42416.0,F,3017653.0,0,1176165910.0,1161017104.0,265427839.0,5.0,0.0,Humans,F,1000000.0,1000000.0,"Liberate Hort before it falls into the Void, and defend Rirga Bay from the Voteless.",,,F,F,2026-03-25,20:10:13
2026-03-25 20:10:13.834117,233.0,SKAT BAY,Xi Tauri,Deadlands,Thick Fog,0.0,F,F,16527.0,2315.0,F,137371.0,0,47516965.0,44773090.0,11014449.0,0.0,0.0,Humans,F,1000000.0,1000000.0,"Liberate Hort before it falls into the Void, and defend Rirga Bay from the Voteless.",,,F,F,2026-03-25,20:10:13
2026-03-25 20:10:13.834117,234.0,SPHERION,Quintus,Volcanic Jungle,Volcanic Activity,0.0,F,F,291767.0,32227.0,F,2249232.0,0,856584267.0,833599702.0,201690789.0,0.0,0.0,Humans,F,1000000.0,1000000.0,"Liberate Hort before it falls into the Void, and defend Rirga Bay from the Voteless.",,,F,F,2026-03-25,20:10:13
2026-03-25 20:10:13.834117,235.0,STOR THA PRIME,Quintus,Boneyard,None,0.0,F,F,19935.0,2667.0,F,169632.0,0,60970505.0,58527876.0,15289684.0,5.0,0.0,Humans,F,1000000.0,1000000.0,"Liberate Hort before it falls into the Void, and defend Rirga Bay from the Voteless.",,,F,F,2026-03-25,20:10:13
2026-03-25 20:10:13.834117,236.0,STOUT,Quintus,Ionic Crimson,Ion Storms,0.0,F,F,269127.0,29131.0,F,1944732.0,0,805571660.0,774533968.0,191576192.0,13.0,0.0,Humans,F,1000000.0,1000000.0,"Liberate Hort before it falls into the Void, and defend Rirga Bay from the Voteless.",,,F,F,2026-03-25,20:10:13
2026-03-25 20:10:13.834117,237.0,TERMADON,Quintus,Plains,None,0.0,F,F,123688.0,16465.0,F,1022166.0,0,354474115.0,337801018.0,81923631.0,4.0,0.0,Humans,F,1000000.0,1000000.0,"Liberate Hort before it falls into the Void, and defend Rirga Bay from the Voteless.",,,F,F,2026-03-25,20:10:13
2026-03-25 20:10:13.834117,238.0,TIBIT,Severin,Ethereal Jungle,None,0.0,F,F,5728668.0,485725.0,F,44181775.0,0,8087883329.0,7744851320.0,45268243.0,20049.0,1034476595.0,Humans,F,1000000.0,1000000.0,"Liberate Hort before it falls into the Void, and defend Rirga Bay from the Voteless.",,,F,F,2026-03-25,20:10:13
2026-03-25 20:10:13.834117,239.0,TIEN KWAN,Theseus,Boneyard,Meteor Storms,0.0,F,F,5348.0,2149.0,F,28308.0,0,3320456.0,3263626.0,8480.0,0.0,414545.0,Humans,F,2200000.0,2200000.0,"Liberate Hort before it falls into the Void, and defend Rirga Bay from the Voteless.",,,F,F,2026-03-25,20:10:13
2026-03-25 20:10:13.834117,240.0,TROOST,Trigon,Deadlands,Thick Fog,0.0,F,F,6424677.0,748628.0,F,24942738.0,0,3591453998.0,3234509279.0,0.0,5354.0,613152851.0,Humans,F,1000000.0,1000000.0,"Liberate Hort before it falls into the Void, and defend Rirga Bay from the Voteless.",,,F,F,2026-03-25,20:10:13
2026-03-25 20:10:13.834117,241.0,UBANEA,Severin,Ionic Crimson,Ion Storms,0.0,F,F,7538234.0,986637.0,F,31846075.0,0,4656009562.0,4323883867.0,217.0,37206.0,665318582.0,Humans,F,1600000.0,1600000.0,"Liberate Hort before it falls into the Void, and defend Rirga Bay from the Voteless.",,,F,F,2026-03-25,20:10:13
2026-03-25 20:10:13.834117,242.0,USTOTU,Trigon,Desert Cliffs,Tremors,1.0,F,F,4563685.0,562001.0,F,25953989.0,0,3744065742.0,3920234746.0,99.0,1680.0,700378539.0,Humans,F,1000000.0,1000000.0,"Liberate Hort before it falls into the Void, and defend Rirga Bay from the Voteless.",,,F,F,2026-03-25,20:10:13
2026-03-25 20:10:13.834117,243.0,VANDALON IV,Trigon,Icy Glaciers,Blizzards,1.0,F,F,4974829.0,497483.0,F,35478304.0,0,6138017521.0,6638325712.0,18117.0,341.0,1080249801.0,Humans,F,1000000.0,1000000.0,"Liberate Hort before it falls into the Void, and defend Rirga Bay from the Voteless.",,,F,F,2026-03-25,20:10:13
2026-03-25 20:10:13.834117,244.0,VARYLIA 5,Trigon,Plains,None,1.0,F,F,6320191.0,484532.0,T,51250699.0,0,11077878283.0,11238654862.0,2808.0,3869.0,1947009709.0,Humans,F,1400000.0,1400000.0,"Liberate Hort before it falls into the Void, and defend Rirga Bay from the Voteless.",247.0,Automaton,F,F,2026-03-25,20:10:13
2026-03-25 20:10:13.834117,245.0,WASAT,Ymir,Acidic Badlands,Acid Storms,0.0,F,F,1192461.0,120246.0,F,11497619.0,0,1919085569.0,2011769890.0,1020.0,0.0,358674906.0,Automaton,F,2000000.0,2000000.0,"Liberate Hort before it falls into the Void, and defend Rirga Bay from the Voteless.",,,F,F,2026-03-25,20:10:13
2026-03-25 20:10:13.834117,246.0,VEGA BAY,Ymir,Icy Glaciers,Blizzards,0.0,F,F,2163080.0,162366.0,F,16598291.0,0,3189559656.0,3387680010.0,284.0,1110.0,607924606.0,Automaton,F,1500000.0,1500000.0,"Liberate Hort before it falls into the Void, and defend Rirga Bay from the Voteless.",,,F,F,2026-03-25,20:10:13
2026-03-25 20:10:13.834117,247.0,WEZEN,Ymir,Scorched Moor,Fire Tornadoes,70.0,F,F,1948344.0,150824.0,F,17195357.0,0,2975874659.0,3099416432.0,137.0,0.0,555646748.0,Automaton,F,1000000.0,1000000.0,"Liberate Hort before it falls into the Void, and defend Rirga Bay from the Voteless.",,,F,F,2026-03-25,20:10:13
2026-03-25 20:10:13.834117,248.0,VINDEMITARIX PRIME,Valdis,Ethereal Jungle,None,0.0,F,F,80.0,13.0,F,682.0,0,123515.0,121434.0,1081.0,11.0,13637.0,Automaton,F,1000000.0,1000000.0,"Liberate Hort before it falls into the Void, and defend Rirga Bay from the Voteless.",,,F,F,2026-03-25,20:10:13
2026-03-25 20:10:13.834117,249.0,X-45,Ymir,Basic Swamp,None,0.0,F,F,744540.0,71882.0,F,5732520.0,0,1331601964.0,1440036084.0,0.0,0.0,250508519.0,Automaton,F,1000000.0,1000000.0,"Liberate Hort before it falls into the Void, and defend Rirga Bay from the Voteless.",,,F,F,2026-03-25,20:10:13
2026-03-25 20:10:13.834117,250.0,YED PRIOR,Tanis,Ionic Crimson,Ion Storms,3.0,F,F,2321907.0,138704.0,T,13452977.0,0,3948990320.0,3894310330.0,659.0,1430.0,576059470.0,Humans,F,1000000.0,1000000.0,"Liberate Hort before it falls into the Void, and defend Rirga Bay from the Voteless.",70.0,Automaton,F,F,2026-03-25,20:10:13
2026-03-25 20:10:13.834117,251.0,ZEFIA,Tanis,Ethereal Jungle,None,99.0,F,F,2740700.0,276557.0,T,23336464.0,0,4787020437.0,5142621318.0,922.0,480.0,872310061.0,Humans,F,1000000.0,1000000.0,"Liberate Hort before it falls into the Void, and defend Rirga Bay from the Voteless.",207.0,Automaton,F,F,2026-03-25,20:10:13
2026-03-25 20:10:13.834117,252.0,ZOSMA,Gellert,Moon,Meteor Storms,0.0,F,F,1120765.0,95896.0,F,9594907.0,0,1842144535.0,2070452298.0,16.0,781.0,460958972.0,Automaton,F,1000000.0,1000000.0,"Liberate Hort before it falls into the Void, and defend Rirga Bay from the Voteless.",,,F,F,2026-03-25,20:10:13
2026-03-25 20:10:13.834117,253.0,ZZANIAH PRIME,Gellert,Desert Dunes,Sandstorms,1.0,F,F,2819335.0,216584.0,F,20124490.0,0,3715901904.0,4029221628.0,43.0,1155.0,849970948.0,Automaton,F,1000000.0,1000000.0,"Liberate Hort before it falls into the Void, and defend Rirga Bay from the Voteless.",,,F,F,2026-03-25,20:10:13
2026-03-25 20:10:13.834117,254.0,SKITTER,Hawking,Haunted Swamp,Thick Fog,0.0,F,F,2.0,1.0,F,12.0,0,788.0,1110.0,0.0,387.0,3.0,Humans,F,1000000.0,1000000.0,"Liberate Hort before it falls into the Void, and defend Rirga Bay from the Voteless.",,,F,F,2026-03-25,20:10:13
2026-03-25 20:10:13.834117,255.0,EUPHORIA III,Hawking,Moon,Meteor Storms,0.0,F,F,5.0,7.0,F,80.0,0,3107.0,3604.0,0.0,598.0,137.0,Humans,F,1000000.0,1000000.0,"Liberate Hort before it falls into the Void, and defend Rirga Bay from the Voteless.",,,F,F,2026-03-25,20:10:13
2026-03-25 20:10:13.834117,256.0,DIASPORA X,L'estrade,Desert Dunes,Sandstorms,0.0,F,F,7.0,0.0,F,51.0,0,13925.0,15102.0,0.0,4586.0,25.0,Terminids,F,1000000.0,1000000.0,"Liberate Hort before it falls into the Void, and defend Rirga Bay from the Voteless.",,,F,F,2026-03-25,20:10:13
2026-03-25 20:10:13.834117,257.0,GEMSTONE BLUFFS,L'estrade,Plains,None,0.0,F,F,0.0,0.0,F,0.0,0,14.0,16.0,0.0,1.0,0.0,Terminids,F,1000000.0,1000000.0,"Liberate Hort before it falls into the Void, and defend Rirga Bay from the Voteless.",,,F,F,2026-03-25,20:10:13
2026-03-25 20:10:13.834117,258.0,ZAGON PRIME,Mirin,Hive World,None,0.0,F,F,162103.0,23939.0,F,1472496.0,0,481157873.0,541887476.0,0.0,71215470.0,25.0,Terminids,F,2000000.0,2000000.0,"Liberate Hort before it falls into the Void, and defend Rirga Bay from the Voteless.",,,F,F,2026-03-25,20:10:13
2026-03-25 20:10:13.834117,259.0,OMICRON,L'estrade,Hive World,None,561.0,F,F,6890532.0,826202.0,F,66190064.0,0,21746286114.0,24632187264.0,13903.0,3493939710.0,9549.0,Terminids,F,3000000.0,3000000.0,"Liberate Hort before it falls into the Void, and defend Rirga Bay from the Voteless.",,,F,F,2026-03-25,20:10:13
2026-03-25 20:10:13.834117,260.0,CYBERSTAN,Valdis,Boneyard,None,115.0,F,F,15390524.0,2405663.0,F,200548972.0,0,24423274635.0,27352769636.0,4068.0,9945.0,4594404194.0,Automaton,F,15000000.0,15000000.0,"Liberate Hort before it falls into the Void, and defend Rirga Bay from the Voteless.",,,F,F,2026-03-25,20:10:13
2026-03-25 20:10:13.834117,261.0,FURY,Xzar,Magma,None,10.0,F,F,2117028.0,554201.0,F,22786371.0,0,5716569606.0,5665375336.0,648.0,26304.0,701371618.0,Humans,F,2000000.0,2000000.0,"Liberate Hort before it falls into the Void, and defend Rirga Bay from the Voteless.",,,F,F,2026-03-25,20:10:13
2026-03-25 20:10:13.834117,262.0,K,Trigon,Magma,None,8.0,F,F,3269171.0,610131.0,F,33734475.0,0,8575532506.0,8727568132.0,2644.0,44969.0,1191307738.0,Humans,F,2000000.0,2000000.0,"Liberate Hort before it falls into the Void, and defend Rirga Bay from the Voteless.",,,F,F,2026-03-25,20:10:13
2026-03-25 20:10:13.834117,266.0,Mox,Trigon,Magma,None,143.0,F,F,2956476.0,501958.0,F,29253301.0,0,7643553990.0,7724199774.0,6947.0,39549.0,1056451468.0,Automaton,F,2000000.0,2000000.0,"Liberate Hort before it falls into the Void, and defend Rirga Bay from the Voteless.",,,F,F,2026-03-25,20:10:13
